/*******************************************************************************
 * Size: 96 px
 * Bpp: 4
 * Opts: --font source_fonts\OpenSauceOne-Bold.ttf --size 96 --bpp 4 --range 0x30-0x39,0x41-0x5A,0x4E --format lvgl --lv-font-name font_opensauceone_bold_96 -o common/assets/fonts/font_opensauceone_bold_96.c
 ******************************************************************************/

#ifdef LV_LVGL_H_INCLUDE_SIMPLE
#include "lvgl.h"
#else
#include "lvgl/lvgl.h"
#endif

#ifndef FONT_OPENSAUCEONE_BOLD_96
#define FONT_OPENSAUCEONE_BOLD_96 1
#endif

#if FONT_OPENSAUCEONE_BOLD_96

/*-----------------
 *    BITMAPS
 *----------------*/

/*Store the image of the glyphs*/
static LV_ATTRIBUTE_LARGE_CONST const uint8_t glyph_bitmap[] = {
    /* U+0030 "0" */
    0x0, 0xff, 0xe3, 0x92, 0xc5, 0xe6, 0xf7, 0xfb,
    0xb6, 0xe5, 0x88, 0x3, 0xff, 0xb0, 0x51, 0xba,
    0xa7, 0x43, 0x21, 0x0, 0x9, 0x23, 0x4e, 0xf4,
    0x98, 0x7, 0xff, 0x4d, 0x33, 0x5c, 0x80, 0x3f,
    0xf8, 0x62, 0xd9, 0xac, 0x1, 0xff, 0xcf, 0x2b,
    0xb1, 0x80, 0x7f, 0xf2, 0x4a, 0x75, 0x0, 0x3f,
    0xf9, 0x8f, 0xa8, 0x1, 0xff, 0xcd, 0x2b, 0xa0,
    0xf, 0xfe, 0x55, 0xc0, 0x7, 0xff, 0x45, 0x74,
    0x80, 0x3f, 0xf8, 0xf8, 0x80, 0x1f, 0xfd, 0x32,
    0xc2, 0x0, 0xff, 0xe2, 0xd9, 0x80, 0x7f, 0xf5,
    0x47, 0x4, 0x3, 0xff, 0x87, 0x28, 0x1, 0xff,
    0xd7, 0x1d, 0x0, 0xff, 0xe1, 0x23, 0x0, 0x7f,
    0xf6, 0x4e, 0x40, 0x3f, 0xf8, 0x3, 0x40, 0x1f,
    0xfd, 0xb6, 0x40, 0xf, 0xfa, 0x4, 0x3, 0xff,
    0xb9, 0x20, 0x1f, 0xe2, 0x60, 0xf, 0xfe, 0x28,
    0xab, 0xb9, 0x94, 0x40, 0x3f, 0xf8, 0xa4, 0xe0,
    0x1f, 0xd0, 0x1, 0xff, 0xc4, 0x6d, 0xea, 0x88,
    0x4d, 0x76, 0x20, 0x7, 0xff, 0x12, 0x40, 0x3f,
    0xa, 0x80, 0x7f, 0xf0, 0x8b, 0x24, 0x80, 0x3e,
    0x3b, 0xb0, 0x80, 0x7f, 0xf0, 0x85, 0x80, 0x3e,
    0x90, 0xf, 0xfe, 0x11, 0x61, 0x80, 0x7f, 0xc9,
    0xe4, 0x1, 0xff, 0xc2, 0xb0, 0xf, 0x98, 0x3,
    0xff, 0x85, 0xe2, 0x1, 0xff, 0xc1, 0x1c, 0x0,
    0xff, 0xe1, 0x11, 0x80, 0x72, 0x8, 0x7, 0xff,
    0x6, 0x8, 0x3, 0xff, 0x86, 0x34, 0x1, 0xff,
    0xc2, 0xa0, 0xe, 0xd0, 0xf, 0xfe, 0x8, 0xb8,
    0x7, 0xff, 0x15, 0x4c, 0x3, 0xff, 0x82, 0xe0,
    0x1c, 0x80, 0x1f, 0xfc, 0x19, 0x0, 0xff, 0xe3,
    0xc0, 0x7, 0xff, 0x4, 0x4c, 0x2, 0x22, 0x0,
    0x7f, 0xf0, 0x58, 0x3, 0xff, 0x8e, 0x84, 0x1,
    0xff, 0xc1, 0x40, 0x9, 0xc0, 0x3f, 0xf8, 0x28,
    0x20, 0x1f, 0xfc, 0x8a, 0x0, 0xff, 0xe0, 0xe0,
    0x5, 0x80, 0x1f, 0xfc, 0x1d, 0x0, 0xff, 0xe4,
    0xa8, 0x7, 0xff, 0x5, 0x0, 0x25, 0x0, 0xff,
    0xe0, 0xa0, 0x7, 0xff, 0x24, 0x88, 0x1, 0xff,
    0xc1, 0x20, 0x1, 0x80, 0x7f, 0xf0, 0x4, 0x80,
    0x3f, 0xf9, 0x48, 0x1, 0xff, 0xc1, 0x70, 0x20,
    0xf, 0xfe, 0xa, 0x80, 0x7f, 0xf2, 0xfc, 0x3,
    0xff, 0x83, 0xa0, 0xc0, 0x1f, 0xfc, 0x12, 0x0,
    0xff, 0xe5, 0xa8, 0x7, 0xff, 0x4, 0x80, 0x80,
    0x3f, 0xf8, 0x3c, 0x1, 0xff, 0xcb, 0x20, 0xf,
    0xfe, 0xb, 0x7, 0x0, 0x7f, 0xf0, 0x48, 0x3,
    0xff, 0x96, 0x20, 0x1f, 0xfc, 0x12, 0x1, 0x0,
    0xff, 0xe0, 0xb0, 0x7, 0xff, 0x30, 0x80, 0x3f,
    0xf8, 0x2, 0x4, 0x1, 0xff, 0xc1, 0x10, 0xf,
    0xfe, 0x63, 0x0, 0x7f, 0xf0, 0x45, 0xc0, 0x3f,
    0xf8, 0x24, 0x1, 0xff, 0xcc, 0x10, 0xf, 0xfe,
    0x9, 0x88, 0x7, 0xff, 0x68, 0xc0, 0x3f, 0xf8,
    0x22, 0x60, 0x1f, 0xfd, 0xa1, 0x0, 0xff, 0xe0,
    0xb8, 0x7, 0xff, 0x4, 0x40, 0x3f, 0xf9, 0xbe,
    0x1, 0xff, 0xc1, 0x11, 0x0, 0x7f, 0xfd, 0x8c,
    0x3, 0xff, 0xb6, 0x60, 0x1f, 0xfd, 0xb1, 0x0,
    0xff, 0xff, 0x80, 0x7f, 0xf5, 0x4, 0x3, 0xff,
    0x84, 0x20, 0x1f, 0xfc, 0x3, 0x0, 0xff, 0xed,
    0x98, 0x7, 0xff, 0xa8, 0xc0, 0x3f, 0xf8, 0x2,
    0x1, 0xff, 0xcd, 0xf0, 0xf, 0xfe, 0x8, 0x88,
    0x3, 0xff, 0xb4, 0x20, 0x1f, 0xfc, 0x27, 0x0,
    0xff, 0xed, 0x18, 0x7, 0xff, 0x5, 0xc4, 0x3,
    0xff, 0x82, 0x40, 0x1f, 0xfc, 0xc1, 0x0, 0xff,
    0xe0, 0x89, 0x80, 0x7f, 0xf0, 0x44, 0x3, 0xff,
    0x98, 0xe0, 0x1f, 0xfc, 0x12, 0xe0, 0xf, 0xfe,
    0xb, 0x0, 0x7f, 0xf3, 0x8, 0x3, 0xff, 0x84,
    0x40, 0x1f, 0xfc, 0x12, 0x0, 0xff, 0xe6, 0x8,
    0x7, 0xff, 0x0, 0x81, 0x80, 0x3f, 0xf8, 0x3c,
    0x1, 0xff, 0xcb, 0x30, 0xf, 0xfe, 0xb, 0x1,
    0x0, 0x7f, 0xf0, 0x54, 0x3, 0xff, 0x96, 0xc0,
    0x1f, 0xfc, 0x12, 0x1, 0x10, 0x7, 0xff, 0x0,
    0xc0, 0x3f, 0xf9, 0x78, 0x1, 0xff, 0xc1, 0xf0,
    0x2, 0x80, 0x7f, 0xf0, 0x4c, 0x3, 0xff, 0x94,
    0xa0, 0x1f, 0xfc, 0x15, 0x0, 0x18, 0x7, 0xff,
    0x5, 0x0, 0x3f, 0xf9, 0x22, 0x60, 0x1f, 0xfc,
    0x13, 0x0, 0x60, 0x7, 0xff, 0x6, 0xc0, 0x3f,
    0xf9, 0x2e, 0x1, 0xff, 0xc1, 0x20, 0x9, 0x40,
    0x3f, 0xf8, 0x26, 0x20, 0x1f, 0xfc, 0x8d, 0x0,
    0xff, 0xe0, 0xa0, 0x4, 0x26, 0x1, 0xff, 0xc1,
    0x90, 0xf, 0xfe, 0x39, 0x20, 0x7, 0xff, 0x7,
    0x0, 0x32, 0x0, 0x7f, 0xf0, 0x58, 0x3, 0xff,
    0x8f, 0x0, 0x1f, 0xfc, 0x25, 0x0, 0xd4, 0x1,
    0xff, 0xc1, 0x18, 0x0, 0xff, 0xe2, 0x9a, 0x80,
    0x7f, 0xf0, 0x50, 0x3, 0x88, 0x80, 0x1f, 0xfc,
    0x17, 0x30, 0xf, 0xfe, 0x27, 0x0, 0x7f, 0xf0,
    0xb8, 0x3, 0xd6, 0x1, 0xff, 0xc2, 0xd2, 0x0,
    0xff, 0xe1, 0x51, 0x0, 0x7f, 0xf0, 0x45, 0x40,
    0x3c, 0xc0, 0x1f, 0xfc, 0x21, 0xc3, 0x0, 0xff,
    0x86, 0xd4, 0x3, 0xff, 0x84, 0xc0, 0x1f, 0x9c,
    0x3, 0xff, 0x84, 0x39, 0x24, 0x1, 0xf0, 0xbf,
    0x20, 0x7, 0xff, 0xe, 0x40, 0x3f, 0x48, 0x7,
    0xff, 0x11, 0xb7, 0x52, 0xec, 0xf1, 0x9d, 0x0,
    0x1f, 0xfc, 0x46, 0x10, 0xf, 0xc3, 0x0, 0x1f,
    0xfc, 0x52, 0x68, 0x98, 0x73, 0x0, 0xff, 0xe3,
    0x40, 0x7, 0xf9, 0xc8, 0x3, 0xff, 0xb9, 0x2,
    0x1, 0xff, 0x78, 0x7, 0xff, 0x6c, 0xdc, 0x3,
    0xff, 0x80, 0x52, 0x1, 0xff, 0xd9, 0x1e, 0x0,
    0xff, 0xe1, 0x33, 0x0, 0x3f, 0xfb, 0x14, 0x40,
    0x1f, 0xfc, 0x39, 0x60, 0xf, 0xfe, 0xb5, 0xa0,
    0x7, 0xff, 0x16, 0x5c, 0x3, 0xff, 0xa9, 0x68,
    0x1, 0xff, 0xc7, 0x8a, 0x10, 0xf, 0xfe, 0x81,
    0x6a, 0x0, 0x7f, 0xf2, 0x57, 0xd8, 0x3, 0xff,
    0x9a, 0x31, 0xa4, 0x1, 0xff, 0xcb, 0x19, 0xd5,
    0x0, 0xff, 0xe5, 0x3f, 0xb8, 0x7, 0xff, 0x3c,
    0xab, 0xa4, 0xc0, 0x3f, 0xf8, 0x89, 0x5f, 0x2,
    0x1, 0xff, 0xd2, 0x16, 0xce, 0xb8, 0x53, 0x21,
    0x0, 0x9, 0x1a, 0xc5, 0xfd, 0xa8, 0x7, 0xff,
    0x14,

    /* U+0031 "1" */
    0x0, 0xff, 0xe4, 0x99, 0xff, 0xf0, 0x44, 0x3,
    0xff, 0x90, 0x99, 0x9f, 0xfc, 0x16, 0x0, 0xff,
    0xe4, 0x48, 0x7, 0xff, 0x55, 0x88, 0x3, 0xff,
    0xa8, 0x52, 0x1, 0xff, 0xd5, 0xe0, 0xf, 0xfe,
    0xac, 0x98, 0x7, 0xff, 0x51, 0xd8, 0x3, 0xff,
    0xa8, 0xd0, 0x1, 0xff, 0xd4, 0x79, 0x0, 0xff,
    0xea, 0x4c, 0x0, 0x7f, 0xf4, 0xcb, 0x18, 0x3,
    0xff, 0xa6, 0xda, 0x60, 0x1f, 0xfd, 0x24, 0xd9,
    0x0, 0xff, 0xe9, 0x36, 0x59, 0x0, 0x7f, 0xf3,
    0xc5, 0x67, 0xe4, 0xc0, 0x3f, 0xf9, 0xe7, 0x9d,
    0x4c, 0x1, 0xff, 0xd2, 0x63, 0x0, 0xff, 0xf4,
    0x14, 0x0, 0x7f, 0xf5, 0x7, 0xc4, 0x3, 0xff,
    0xa6, 0x38, 0x40, 0x1f, 0xfd, 0x32, 0xc2, 0x0,
    0xff, 0xe9, 0xa6, 0x10, 0x7, 0xff, 0x4e, 0x2c,
    0x40, 0x3f, 0xfa, 0x47, 0xae, 0x1, 0xff, 0xd2,
    0x19, 0xc2, 0x0, 0xff, 0xe8, 0x94, 0x73, 0x0,
    0x7f, 0xf4, 0x52, 0xf5, 0xc0, 0x3f, 0xf9, 0xe6,
    0xd7, 0xf6, 0x80, 0x1f, 0xfc, 0xf5, 0xfc, 0x94,
    0x0, 0xff, 0xff, 0x80, 0x7f, 0xff, 0xc0, 0x3f,
    0xff, 0xe0, 0x1f, 0xff, 0xf0, 0xf, 0xff, 0xf8,
    0x7, 0xff, 0xfc, 0x3, 0xff, 0xfe, 0x1, 0xff,
    0xff, 0x0, 0xff, 0xff, 0x80, 0x7f, 0xff, 0xc0,
    0x3f, 0xff, 0xe0, 0x1f, 0xff, 0xf0, 0xf, 0xff,
    0xf8, 0x7, 0xff, 0xfc, 0x3, 0xff, 0xfe, 0x1,
    0xff, 0xff, 0x0, 0xff, 0xff, 0x80, 0x7f, 0xff,
    0xc0, 0x3f, 0xff, 0xe0, 0x1f, 0xff, 0xf0, 0xf,
    0xff, 0xd0,

    /* U+0032 "2" */
    0x0, 0xff, 0xe3, 0x8a, 0x3c, 0xd5, 0xe6, 0x2e,
    0xd5, 0xa, 0x60, 0x1f, 0xfd, 0x94, 0x9e, 0xe5,
    0xc3, 0x2a, 0x19, 0x91, 0xa, 0xf5, 0x9f, 0x6c,
    0x20, 0x1f, 0xfd, 0x21, 0x8e, 0xb6, 0x10, 0xf,
    0xfe, 0x1a, 0x4f, 0x51, 0x80, 0x7f, 0xf3, 0xe3,
    0x9c, 0x40, 0x3f, 0xf9, 0x2b, 0x94, 0x20, 0x1f,
    0xfc, 0xb4, 0xe7, 0x0, 0xff, 0xe7, 0x2f, 0x30,
    0x7, 0xff, 0x25, 0xec, 0x40, 0x3f, 0xfa, 0x33,
    0x40, 0x1f, 0xfc, 0x79, 0x80, 0xf, 0xfe, 0xa2,
    0xe0, 0x7, 0xff, 0x16, 0x58, 0x3, 0xff, 0xac,
    0x78, 0x1, 0xff, 0xc3, 0x76, 0x0, 0xff, 0xec,
    0x1d, 0x0, 0x7f, 0xf0, 0x4e, 0x0, 0x3f, 0xfb,
    0x4a, 0xc0, 0x1f, 0xfc, 0xe, 0x0, 0xff, 0xee,
    0x49, 0x0, 0x7f, 0xa0, 0x80, 0x3f, 0xfb, 0xb6,
    0x1, 0xfc, 0x2e, 0x1, 0xff, 0xc4, 0x38, 0xcd,
    0xff, 0x76, 0xd3, 0x8, 0x7, 0xff, 0xd, 0x88,
    0x3, 0xf4, 0x80, 0x7f, 0xf0, 0xd3, 0x71, 0xcc,
    0x80, 0x2, 0x4b, 0x3d, 0x22, 0x1, 0xff, 0xc2,
    0xb0, 0xf, 0xcc, 0x1, 0xff, 0xc2, 0xab, 0x20,
    0xf, 0xf9, 0xb0, 0x80, 0x3f, 0xf8, 0x2e, 0x1,
    0xf3, 0x8, 0x7, 0xff, 0x7, 0x14, 0x3, 0xff,
    0x84, 0x58, 0x20, 0x1f, 0xfc, 0x1, 0x40, 0xf,
    0x68, 0x7, 0xff, 0x6, 0x8c, 0x3, 0xff, 0x88,
    0x36, 0x1, 0xff, 0xc1, 0xc0, 0xf, 0x20, 0x7,
    0xff, 0x1, 0x54, 0x1, 0xff, 0xc6, 0x52, 0x0,
    0xff, 0xe0, 0x18, 0x7, 0x20, 0x7, 0xff, 0x6,
    0x0, 0x3f, 0xf9, 0x16, 0x1, 0xff, 0xc0, 0x50,
    0xe, 0xc0, 0xf, 0xfe, 0x2, 0x10, 0x7, 0xff,
    0x21, 0xc0, 0x3f, 0xf8, 0x2, 0x1, 0xc6, 0x1,
    0xff, 0xc0, 0xe0, 0xf, 0xfe, 0x48, 0x88, 0x3,
    0xff, 0x8a, 0xa0, 0x1f, 0xfc, 0x4, 0x0, 0xff,
    0xe5, 0x10, 0x7, 0xff, 0x0, 0x40, 0x30, 0x80,
    0x7f, 0xc4, 0x20, 0x1f, 0xfc, 0xa6, 0x0, 0xff,
    0xe2, 0x18, 0x7, 0xff, 0x1, 0xc0, 0x3f, 0xfb,
    0x8e, 0x1, 0xff, 0xc0, 0x20, 0xf, 0xfe, 0x58,
    0x80, 0x7f, 0xf0, 0x4, 0x2, 0x10, 0xf, 0xfe,
    0x7, 0x0, 0x7f, 0xf2, 0xdc, 0x3, 0xfe, 0x10,
    0xc, 0x60, 0x1f, 0xfc, 0x3, 0x0, 0xff, 0xe5,
    0x98, 0x7, 0xfc, 0x40, 0x19, 0x2e, 0xff, 0xf8,
    0x8, 0x1, 0xff, 0xca, 0x40, 0xf, 0xfe, 0x2,
    0x80, 0x62, 0x44, 0xff, 0xe0, 0x8, 0x7, 0xff,
    0x2b, 0x0, 0x3f, 0xf8, 0x1e, 0x1, 0xff, 0xdc,
    0x60, 0xf, 0xfe, 0x3, 0x80, 0x7f, 0xf6, 0xd4,
    0x40, 0x3f, 0xe2, 0x10, 0xf, 0xfe, 0xdc, 0x0,
    0x7f, 0xf0, 0x14, 0x3, 0xff, 0xb6, 0xe4, 0x1,
    0xff, 0xc0, 0x90, 0xf, 0xfe, 0xd1, 0x40, 0x7,
    0xff, 0x1, 0x44, 0x3, 0xff, 0xb5, 0xc0, 0x1f,
    0xfc, 0x19, 0x0, 0xff, 0xed, 0x41, 0x80, 0x7f,
    0xf0, 0x10, 0xc0, 0x3f, 0xfb, 0x2a, 0xe0, 0x1f,
    0xfc, 0x19, 0x0, 0xff, 0xec, 0xa5, 0x0, 0x7f,
    0xf0, 0x58, 0x80, 0x3f, 0xfb, 0x5, 0x40, 0x1f,
    0xfc, 0x11, 0x90, 0xf, 0xfe, 0xc1, 0x60, 0x80,
    0x7f, 0xf0, 0x6c, 0x3, 0xff, 0xb0, 0x58, 0x20,
    0x1f, 0xfc, 0x15, 0x50, 0x7, 0xff, 0x5c, 0xb0,
    0x40, 0x3f, 0xf8, 0x25, 0x40, 0x1f, 0xfd, 0x73,
    0xc1, 0x0, 0xff, 0xe1, 0x78, 0x7, 0xff, 0x5d,
    0x30, 0x40, 0x3f, 0xf8, 0x54, 0x40, 0x1f, 0xfd,
    0x65, 0xb0, 0xf, 0xfe, 0x1c, 0x28, 0x7, 0xff,
    0x59, 0xe8, 0x3, 0xff, 0x86, 0xce, 0x1, 0xff,
    0xd6, 0x98, 0x0, 0xff, 0xe1, 0xac, 0x80, 0x7f,
    0xf5, 0xa9, 0x80, 0x3f, 0xf8, 0x69, 0x40, 0x1f,
    0xfd, 0x51, 0xc5, 0x0, 0xff, 0xe1, 0xa5, 0x80,
    0x7f, 0xf5, 0x4b, 0xc, 0x3, 0xff, 0x86, 0x96,
    0x1, 0xff, 0xd5, 0x3c, 0x20, 0xf, 0xfe, 0x1a,
    0x58, 0x7, 0xff, 0x55, 0x30, 0x40, 0x3f, 0xf8,
    0x69, 0x60, 0x1f, 0xfd, 0x56, 0xb0, 0xf, 0xfe,
    0x22, 0xd8, 0x7, 0xff, 0x56, 0x24, 0x3, 0xff,
    0x88, 0xf4, 0x1, 0xff, 0xd5, 0x97, 0x0, 0xff,
    0xe2, 0x4c, 0x0, 0x7f, 0xf5, 0x6d, 0x80, 0x3f,
    0xf8, 0x94, 0xc0, 0x1f, 0xfd, 0x41, 0xc4, 0x0,
    0xff, 0xe2, 0x5a, 0x80, 0x7f, 0xf5, 0xb, 0xc,
    0x3, 0xff, 0x86, 0x3a, 0x80, 0x1f, 0xfd, 0x43,
    0xc2, 0x0, 0xff, 0xe1, 0x97, 0x90, 0x7, 0xff,
    0x51, 0x70, 0x40, 0x3f, 0xf8, 0x67, 0x82, 0x1,
    0xff, 0xd4, 0x7a, 0x0, 0xff, 0xe2, 0x2e, 0x8,
    0x7, 0xff, 0x52, 0x20, 0x1, 0xff, 0xc4, 0x6a,
    0x0, 0xff, 0xea, 0xd3, 0x80, 0x7f, 0xf1, 0xf,
    0xd9, 0xbf, 0xfa, 0x42, 0x3, 0x8a, 0x1, 0xff,
    0xc5, 0x39, 0x9f, 0xfe, 0x9a, 0x6, 0x18, 0x7,
    0xff, 0xa0, 0x80, 0x3f, 0xff, 0xe0, 0x1f, 0xff,
    0xf0, 0xf, 0xff, 0xf8, 0x7, 0xff, 0xfc, 0x3,
    0xff, 0xfe, 0x1, 0xff, 0xff, 0x0, 0xff, 0xff,
    0x80, 0x7f, 0xf0, 0x40,

    /* U+0033 "3" */
    0x0, 0xff, 0xe4, 0x9, 0xb4, 0xd5, 0xe6, 0x2e,
    0xa5, 0xd0, 0x80, 0x3f, 0xfb, 0x44, 0xf9, 0xd9,
    0x2c, 0xa8, 0x66, 0x45, 0x68, 0xbd, 0xd4, 0xa0,
    0x7, 0xff, 0x54, 0xef, 0x60, 0xc0, 0x3f, 0xf8,
    0x44, 0xd7, 0xce, 0x20, 0x1f, 0xfd, 0x2, 0xbc,
    0x40, 0xf, 0xfe, 0x40, 0xc7, 0xb0, 0x7, 0xff,
    0x39, 0xf5, 0x0, 0x3f, 0xf9, 0x83, 0x38, 0x40,
    0x1f, 0xfc, 0xbb, 0x80, 0xf, 0xfe, 0x81, 0xea,
    0x80, 0x7f, 0xf2, 0x7, 0x50, 0x3, 0xff, 0xa7,
    0x4c, 0x1, 0xff, 0xc6, 0x1c, 0x20, 0xf, 0xfe,
    0xac, 0xa8, 0x7, 0xff, 0x17, 0x48, 0x3, 0xff,
    0xaf, 0x46, 0x1, 0xff, 0xc3, 0x83, 0x0, 0xff,
    0xec, 0xf0, 0x7, 0xff, 0x9, 0x1c, 0x3, 0xff,
    0xb4, 0x50, 0x1, 0xff, 0xc1, 0x90, 0xf, 0xfe,
    0xe3, 0x90, 0x7, 0xfc, 0xc4, 0x1, 0xff, 0xc3,
    0x38, 0xce, 0xff, 0x76, 0x41, 0x80, 0x7f, 0xf1,
    0x2c, 0x3, 0xfe, 0x80, 0xf, 0xfe, 0x12, 0x66,
    0x1c, 0xc4, 0x0, 0x26, 0xf9, 0x82, 0x0, 0xff,
    0xe1, 0x30, 0x7, 0xf9, 0x44, 0x3, 0xff, 0x83,
    0x16, 0x60, 0x1f, 0xe3, 0xd4, 0x0, 0xff, 0xe1,
    0x28, 0x7, 0xf7, 0x0, 0x7f, 0xf0, 0x61, 0xc0,
    0x3f, 0xf8, 0x56, 0x60, 0x1f, 0xfc, 0x1c, 0x0,
    0xfe, 0x40, 0xf, 0xfe, 0x2, 0x38, 0x7, 0xff,
    0x13, 0xc0, 0x3f, 0xf8, 0x28, 0x1, 0xf9, 0x0,
    0x3f, 0xf8, 0x32, 0x1, 0xff, 0xc5, 0x33, 0x0,
    0x7f, 0xf0, 0x8, 0x3, 0xf1, 0x80, 0x7f, 0xf0,
    0x14, 0x80, 0x3f, 0xf8, 0xd6, 0x1, 0xff, 0xc1,
    0x10, 0xf, 0xb0, 0x3, 0xff, 0x81, 0xc0, 0x1f,
    0xfc, 0x73, 0x0, 0xff, 0xe0, 0x98, 0x7, 0xcc,
    0x1, 0xff, 0xc0, 0x40, 0xf, 0xfe, 0x3b, 0x80,
    0x7f, 0xf2, 0x4c, 0x3, 0xfe, 0x30, 0xf, 0xfe,
    0xb1, 0x80, 0x7c, 0x64, 0x5f, 0xf2, 0x0, 0x7f,
    0xf2, 0x1c, 0x3, 0xff, 0x82, 0x20, 0x1f, 0x6e,
    0xff, 0xf0, 0x20, 0x3, 0xff, 0x90, 0x60, 0x1f,
    0xfc, 0x2, 0x0, 0xff, 0xee, 0xd8, 0x7, 0xff,
    0x1, 0x0, 0x3f, 0xfb, 0x84, 0x60, 0x1f, 0xfc,
    0xc, 0x0, 0xff, 0xee, 0x70, 0x7, 0xff, 0x0,
    0x54, 0x3, 0xff, 0xb7, 0x46, 0x1, 0xff, 0xc0,
    0x60, 0xf, 0xfe, 0xd0, 0xda, 0x80, 0x7f, 0xf0,
    0x6, 0x40, 0x3f, 0xfb, 0x2, 0xfc, 0x80, 0x1f,
    0xfc, 0x18, 0x10, 0xf, 0xfe, 0x78, 0x99, 0xe4,
    0x58, 0xbe, 0x80, 0xf, 0xfe, 0x13, 0x30, 0x3,
    0xff, 0xa0, 0x99, 0x9a, 0xe9, 0xd0, 0x3, 0xff,
    0x86, 0x92, 0x1, 0xff, 0xe8, 0x7b, 0x0, 0xff,
    0xf3, 0x9d, 0xc0, 0x7, 0xff, 0x94, 0x5a, 0xf1,
    0x0, 0x3f, 0xfc, 0xc2, 0xba, 0xa0, 0x1f, 0xfe,
    0x83, 0x6a, 0xfa, 0x30, 0xf, 0xff, 0x4a, 0xe5,
    0x8, 0x7, 0xff, 0xa5, 0x7c, 0xc0, 0x3f, 0xfd,
    0x23, 0x88, 0x1, 0xff, 0xea, 0xb3, 0x0, 0xff,
    0xf5, 0x68, 0x7, 0xff, 0x35, 0x7f, 0xfb, 0xb9,
    0x94, 0xe8, 0x1, 0xff, 0xc5, 0x19, 0x0, 0xff,
    0xe9, 0x8, 0x8d, 0x62, 0xfa, 0x48, 0x3, 0xff,
    0x86, 0xc8, 0x1, 0xff, 0xd7, 0x16, 0xd9, 0x0,
    0xff, 0xe1, 0xf8, 0x7, 0xff, 0x69, 0xb0, 0x40,
    0x3f, 0xf8, 0x28, 0x40, 0x1f, 0xfd, 0xa3, 0xd0,
    0xf, 0xfe, 0x15, 0x80, 0x7f, 0xf6, 0xcd, 0xc0,
    0x3f, 0xf8, 0x28, 0x1, 0xff, 0xdc, 0x90, 0xf,
    0xfe, 0x9, 0x8, 0x7, 0xff, 0x6c, 0x4c, 0x3,
    0xff, 0x82, 0xa0, 0x1f, 0xfd, 0xc4, 0x0, 0xff,
    0xe0, 0x92, 0x33, 0x7f, 0xf0, 0x40, 0x3f, 0xf9,
    0xdc, 0x1, 0xff, 0xc1, 0x1e, 0x99, 0xff, 0xe0,
    0xa0, 0x7, 0xff, 0x34, 0xc0, 0x3f, 0xf8, 0x3e,
    0x40, 0x1f, 0xfc, 0x12, 0x0, 0xff, 0xee, 0x70,
    0x7, 0xff, 0x7, 0x0, 0x3f, 0xf9, 0xa4, 0x1,
    0xff, 0xc1, 0xf2, 0x0, 0xff, 0xe0, 0xa0, 0x7,
    0xff, 0x37, 0x80, 0x3f, 0xf8, 0x22, 0xa0, 0x1f,
    0xfc, 0x11, 0x40, 0xf, 0xfe, 0x62, 0x0, 0x7f,
    0xf0, 0x4c, 0x48, 0x3, 0xff, 0x83, 0x0, 0x1f,
    0xfc, 0xb2, 0x20, 0x7, 0xff, 0x5, 0xc1, 0x0,
    0x3f, 0xf8, 0x26, 0xa0, 0x1f, 0xfc, 0xa8, 0x0,
    0xff, 0xe0, 0x89, 0x5, 0x0, 0x7f, 0xf0, 0xac,
    0x40, 0x3f, 0xf9, 0x6, 0xa0, 0x1f, 0xfc, 0x15,
    0x0, 0x19, 0x0, 0x7f, 0xf0, 0x47, 0x0, 0x3f,
    0xf8, 0xe3, 0xa0, 0x1f, 0xfc, 0x2e, 0x0, 0xa8,
    0x3, 0xff, 0x84, 0x5a, 0x40, 0x1f, 0xfc, 0x43,
    0xc1, 0x0, 0xff, 0xe1, 0x28, 0x4, 0xe2, 0x1,
    0xff, 0xc2, 0x2d, 0x81, 0x0, 0xff, 0xe0, 0xbe,
    0x10, 0x7, 0xff, 0x9, 0x80, 0x3a, 0x0, 0x3f,
    0xf8, 0x8f, 0xd4, 0xc4, 0x1, 0xe1, 0x59, 0xf8,
    0x0, 0xff, 0xe2, 0x40, 0x7, 0x31, 0x0, 0x7f,
    0xf1, 0x56, 0x77, 0xfb, 0x75, 0xdf, 0xd4, 0xc0,
    0x1f, 0xfc, 0x58, 0x10, 0xf, 0x78, 0x7, 0xff,
    0x24, 0x48, 0x82, 0x1, 0xff, 0xc8, 0x37, 0x0,
    0xf8, 0xa8, 0x3, 0xff, 0xc1, 0xc0, 0x1f, 0xca,
    0xe0, 0x1f, 0xfd, 0xea, 0x20, 0xf, 0xf4, 0x38,
    0x7, 0xff, 0x72, 0x94, 0x3, 0xff, 0x81, 0x10,
    0x0, 0xff, 0xed, 0x52, 0x80, 0x7f, 0xf0, 0x9e,
    0xc4, 0x3, 0xff, 0xac, 0x5a, 0xa0, 0x1f, 0xfc,
    0x44, 0xf5, 0x0, 0xff, 0xea, 0x36, 0x90, 0x7,
    0xff, 0x18, 0x6a, 0xcc, 0x3, 0xff, 0xa0, 0x79,
    0x20, 0x1f, 0xfc, 0xa4, 0xcb, 0x40, 0xf, 0xfe,
    0x62, 0xde, 0x18, 0x7, 0xff, 0x35, 0x2f, 0xa1,
    0x0, 0x3f, 0xf8, 0xc9, 0x1d, 0x48, 0x1, 0xff,
    0xd1, 0x17, 0xbf, 0xc9, 0x74, 0x21, 0x10, 0x4,
    0x24, 0x8d, 0x37, 0xf6, 0xe2, 0x1, 0xff, 0xc3,

    /* U+0034 "4" */
    0x0, 0xff, 0xea, 0x11, 0x9f, 0xff, 0x4, 0x3,
    0xff, 0xba, 0x7b, 0x99, 0xff, 0xc0, 0xe0, 0xf,
    0xfe, 0xe0, 0xe8, 0x7, 0xff, 0xaa, 0xc4, 0x3,
    0xff, 0xd2, 0xca, 0x1, 0xff, 0xe9, 0x39, 0x0,
    0xff, 0xf5, 0x70, 0x7, 0xff, 0xaa, 0x88, 0x3,
    0xff, 0xd2, 0xaa, 0x0, 0xff, 0xf4, 0x95, 0x0,
    0x7f, 0xfa, 0xbc, 0x3, 0xff, 0xd5, 0x24, 0x1,
    0xff, 0xe9, 0x56, 0x0, 0xff, 0xf4, 0x8d, 0x80,
    0x7f, 0xfa, 0xb4, 0x40, 0x3f, 0xfd, 0x30, 0x60,
    0x1f, 0xfe, 0x94, 0x70, 0xf, 0xff, 0x48, 0xd0,
    0x7, 0xff, 0xaa, 0x84, 0x3, 0xfc, 0x20, 0x1f,
    0xfd, 0xe7, 0x40, 0xf, 0xfa, 0x80, 0x3f, 0xfb,
    0xa7, 0x0, 0x1f, 0xf3, 0xa0, 0x7, 0xff, 0x70,
    0x74, 0x3, 0xfe, 0x38, 0x0, 0xff, 0xee, 0xd0,
    0x80, 0x7f, 0xdc, 0x1, 0xff, 0xdd, 0x64, 0x0,
    0xff, 0xa4, 0x80, 0x3f, 0xfb, 0x87, 0x20, 0x1f,
    0xf2, 0x30, 0x7, 0xff, 0x77, 0x80, 0x3f, 0xe1,
    0xa0, 0xf, 0xfe, 0xed, 0x10, 0x7, 0xfd, 0x42,
    0x1, 0xff, 0xdc, 0x65, 0x0, 0xff, 0x99, 0x0,
    0x3f, 0xfb, 0x85, 0x20, 0x1f, 0xf1, 0x48, 0x7,
    0xff, 0x77, 0xc0, 0x3f, 0xf8, 0x1c, 0x1, 0xff,
    0xdd, 0x92, 0x0, 0xff, 0xa0, 0xc0, 0x3f, 0xfb,
    0x8a, 0xc0, 0x1f, 0xf1, 0xb8, 0x7, 0xff, 0x70,
    0xac, 0x3, 0xff, 0x81, 0xa0, 0x1f, 0xfd, 0xde,
    0x10, 0xf, 0xfa, 0x84, 0x3, 0xff, 0xb9, 0x6,
    0x1, 0xff, 0x2a, 0x80, 0x3f, 0xfb, 0x88, 0xe0,
    0x1f, 0xf0, 0xd0, 0x7, 0xff, 0x70, 0x68, 0x3,
    0xff, 0x81, 0xa0, 0x1f, 0xfd, 0xda, 0x10, 0xf,
    0xf9, 0xcc, 0x3, 0xff, 0xb8, 0xe8, 0x1, 0xff,
    0x1c, 0x0, 0x7f, 0xf7, 0xe, 0x0, 0x3f, 0xf8,
    0x1c, 0x1, 0xff, 0xdc, 0x1d, 0x0, 0xff, 0xe0,
    0x49, 0x0, 0x7f, 0xf7, 0x28, 0x40, 0x3f, 0xe4,
    0x60, 0xf, 0xfe, 0xe3, 0x20, 0x7, 0xfc, 0x34,
    0x1, 0xff, 0xdc, 0x39, 0x0, 0xff, 0xe0, 0x50,
    0x80, 0x7f, 0xf7, 0x24, 0x3, 0xff, 0x80, 0xc8,
    0x1, 0xff, 0xea, 0x6f, 0xff, 0xfe, 0x30, 0x7,
    0xff, 0x4, 0xbf, 0xff, 0x88, 0x3, 0xff, 0xfe,
    0x1, 0xff, 0xff, 0x0, 0xff, 0xff, 0x80, 0x7f,
    0xff, 0xc0, 0x3f, 0xff, 0xe0, 0x1f, 0xff, 0xf0,
    0xf, 0xff, 0xf8, 0x7, 0xff, 0xfc, 0x3, 0xff,
    0x89, 0xd3, 0x3f, 0xfd, 0x30, 0xf, 0xfe, 0x8,
    0xcc, 0xff, 0x1a, 0x33, 0x7f, 0xf4, 0xc0, 0x3f,
    0xf8, 0x26, 0xcd, 0xfc, 0x20, 0x1f, 0xff, 0xf0,
    0xf, 0xff, 0xf8, 0x7, 0xff, 0xfc, 0x3, 0xff,
    0xfe, 0x1, 0xff, 0xff, 0x0, 0xff, 0xff, 0x80,
    0x7f, 0xff, 0xc0, 0x3f, 0xff, 0xe0, 0x1f, 0xff,
    0xf0, 0xf, 0xff, 0xf8, 0x7, 0xff, 0xfc, 0x3,
    0xff, 0x86,

    /* U+0035 "5" */
    0x0, 0xfe, 0x66, 0xff, 0xee, 0x20, 0x7, 0xff,
    0x0, 0xe6, 0x7f, 0xfb, 0x9c, 0x1, 0xff, 0xc0,
    0x50, 0xf, 0xff, 0x4f, 0x80, 0x7f, 0xfa, 0x54,
    0x3, 0xff, 0xd2, 0x60, 0x1f, 0xfe, 0x82, 0x0,
    0xff, 0xf4, 0xb8, 0x7, 0xff, 0xa7, 0x40, 0x3f,
    0xfd, 0x26, 0x1, 0xff, 0xe9, 0x50, 0xf, 0xff,
    0x40, 0x88, 0x3, 0xff, 0xd0, 0xa0, 0x1f, 0xfe,
    0x93, 0x0, 0xff, 0xe0, 0x7f, 0xff, 0xf4, 0xa8,
    0x3, 0xfd, 0xa0, 0x1f, 0xf1, 0x80, 0x7f, 0xf7,
    0x5c, 0x3, 0xfe, 0x50, 0xf, 0xfe, 0xe9, 0x0,
    0x7f, 0xde, 0x1, 0xff, 0xdc, 0x30, 0xf, 0xfe,
    0x2, 0x80, 0x7f, 0xf7, 0x14, 0x3, 0xff, 0x80,
    0x60, 0x1f, 0xfd, 0xcf, 0x0, 0xff, 0x8c, 0x3,
    0xff, 0xba, 0xa0, 0x1f, 0xf2, 0x80, 0x7f, 0xf7,
    0x4c, 0x3, 0xfe, 0xf0, 0xf, 0xfe, 0xe1, 0x0,
    0x7f, 0xf0, 0x14, 0x3, 0xff, 0xb8, 0xe0, 0x1f,
    0xfc, 0x3, 0x0, 0xf8, 0x95, 0xe6, 0x68, 0x75,
    0x20, 0xf, 0xfe, 0x5e, 0x80, 0x7f, 0xc4, 0x1,
    0xc9, 0x3d, 0xb5, 0xc, 0xd3, 0xc5, 0x6f, 0xdb,
    0x8, 0x7, 0xff, 0x1c, 0xc0, 0x3f, 0xe7, 0x0,
    0x93, 0x2d, 0x84, 0x3, 0xfe, 0x49, 0xea, 0x20,
    0xf, 0xfe, 0x2a, 0x80, 0x7f, 0xda, 0x7, 0x96,
    0x60, 0x1f, 0xfc, 0x55, 0xda, 0x10, 0xf, 0xfe,
    0x10, 0x88, 0x3, 0xfe, 0x36, 0xc3, 0x0, 0xff,
    0xe4, 0xaf, 0xa0, 0x7, 0xff, 0x5, 0x40, 0x3f,
    0xf8, 0x11, 0x20, 0x1f, 0xfc, 0xc1, 0xb8, 0x0,
    0xff, 0xe0, 0x18, 0x7, 0xff, 0x0, 0xc0, 0x3f,
    0xf9, 0xef, 0x20, 0x1f, 0xf6, 0x80, 0x7f, 0xf7,
    0x5a, 0x80, 0x3f, 0xce, 0x1, 0xff, 0xde, 0x57,
    0x0, 0xfe, 0x20, 0xf, 0xfe, 0xfc, 0x20, 0x7,
    0xc6, 0x1, 0xff, 0xe1, 0x90, 0xf, 0x94, 0x3,
    0xff, 0xc2, 0x50, 0x1, 0xef, 0x0, 0xff, 0xe3,
    0xb, 0x56, 0xf7, 0xf6, 0xdb, 0x8, 0x7, 0xff,
    0x15, 0xc4, 0x3, 0x94, 0x3, 0xff, 0x88, 0x33,
    0xd2, 0xa4, 0x20, 0x24, 0x93, 0xd2, 0x20, 0x1f,
    0xfc, 0x49, 0x0, 0xe3, 0x0, 0xff, 0xe1, 0xaf,
    0xb0, 0x7, 0xfc, 0xde, 0x80, 0x1f, 0xfc, 0x37,
    0x0, 0xc4, 0x1, 0xff, 0xc3, 0x6a, 0x10, 0xf,
    0xfe, 0x8, 0xda, 0x80, 0x7f, 0xf0, 0xd8, 0x2,
    0x70, 0xf, 0xfe, 0x12, 0xc8, 0x7, 0xff, 0x16,
    0x8c, 0x3, 0xff, 0x85, 0xa0, 0x16, 0x80, 0x7f,
    0xf0, 0x4a, 0x80, 0x3f, 0xf8, 0xfc, 0x1, 0xff,
    0xc2, 0x40, 0x8, 0xc0, 0x3f, 0xf8, 0x3c, 0x1,
    0xff, 0xc8, 0x27, 0x0, 0xff, 0xe1, 0x20, 0x3,
    0x1d, 0xff, 0xf8, 0x12, 0x60, 0x1f, 0xfc, 0x99,
    0x0, 0xff, 0xe1, 0x18, 0x1, 0xe2, 0x3f, 0xf8,
    0xc, 0x1, 0xff, 0xca, 0x15, 0x0, 0xff, 0xe0,
    0xf0, 0x7, 0xff, 0x6f, 0x0, 0x3f, 0xf8, 0x2a,
    0x1, 0xff, 0xdb, 0x40, 0xf, 0xfe, 0x9, 0x0,
    0x7f, 0xf6, 0xc8, 0x3, 0xff, 0xee, 0x20, 0x1f,
    0xfd, 0xc1, 0x0, 0xff, 0xf4, 0x88, 0x7, 0xff,
    0xd8, 0x40, 0x3f, 0xfb, 0x62, 0x1, 0xff, 0xc1,
    0x30, 0x9b, 0xbf, 0xfe, 0x8, 0x80, 0x7f, 0xf2,
    0xd0, 0x3, 0xff, 0x82, 0x20, 0x68, 0x9f, 0xfc,
    0x17, 0x0, 0xff, 0xe5, 0xe8, 0x7, 0xff, 0x5,
    0x40, 0x80, 0x3f, 0xf8, 0x38, 0x1, 0xff, 0xcb,
    0x50, 0xf, 0xfe, 0xf, 0x86, 0x80, 0x7f, 0xf0,
    0x54, 0x40, 0x3f, 0xf9, 0x28, 0x40, 0x1f, 0xfc,
    0x12, 0x4, 0x0, 0xff, 0xe1, 0x40, 0x7, 0xff,
    0x27, 0xc0, 0x3f, 0xf8, 0x48, 0x2, 0x60, 0x1f,
    0xfc, 0x16, 0x30, 0xf, 0xfe, 0x3a, 0xa0, 0x7,
    0xff, 0x5, 0x40, 0x2b, 0x0, 0xff, 0xe1, 0x70,
    0x80, 0x7f, 0xf1, 0x46, 0xc0, 0x3f, 0xf8, 0x5e,
    0x1, 0x30, 0x7, 0xff, 0x8, 0xb0, 0x40, 0x3f,
    0xf8, 0x63, 0x82, 0x1, 0xff, 0xc1, 0x15, 0x0,
    0x85, 0x40, 0x3f, 0xf8, 0x45, 0xea, 0x1, 0xff,
    0xc1, 0x4f, 0x20, 0xf, 0xfe, 0x13, 0x0, 0x74,
    0x80, 0x7f, 0xf0, 0xc6, 0xb1, 0x40, 0x3f, 0x8e,
    0xac, 0x40, 0x3f, 0xf8, 0x72, 0x1, 0xc6, 0xa0,
    0x1f, 0xfc, 0x43, 0xaf, 0xb8, 0x76, 0x64, 0x57,
    0x62, 0x80, 0x7f, 0xf1, 0x1c, 0x40, 0x3d, 0x60,
    0x1f, 0xfc, 0x74, 0x78, 0x99, 0x3a, 0x88, 0x7,
    0xff, 0x14, 0xa0, 0x3, 0xe1, 0x90, 0xf, 0xfe,
    0xff, 0x0, 0x7f, 0x33, 0x0, 0x3f, 0xfb, 0xb0,
    0x60, 0x1f, 0xe9, 0x30, 0xf, 0xfe, 0xda, 0xb8,
    0x7, 0xff, 0x3, 0x4c, 0x3, 0xff, 0xb2, 0x94,
    0x1, 0xff, 0xc1, 0x1c, 0x30, 0xf, 0xfe, 0xba,
    0xd8, 0x7, 0xff, 0x13, 0x18, 0x3, 0xff, 0xaa,
    0xf4, 0x1, 0xff, 0xc6, 0x9a, 0x10, 0xf, 0xfe,
    0x89, 0x64, 0x0, 0x7f, 0xf2, 0x17, 0xd8, 0x3,
    0xff, 0x9e, 0xfa, 0x60, 0x1f, 0xfc, 0xa1, 0x9d,
    0x60, 0xf, 0xfe, 0x5b, 0xf4, 0x0, 0x7f, 0xf3,
    0x8a, 0x7e, 0x50, 0x3, 0xff, 0x8a, 0xb5, 0xf0,
    0x20, 0x1f, 0xfd, 0x26, 0xbf, 0xb8, 0x63, 0x21,
    0x0, 0x84, 0x8d, 0xa7, 0x3e, 0x94, 0x3, 0xff,
    0x8a,

    /* U+0036 "6" */
    0x0, 0xff, 0xe4, 0x92, 0xc5, 0x66, 0xf7, 0x37,
    0x57, 0x50, 0x82, 0x1, 0xff, 0xd8, 0x39, 0xdd,
    0x53, 0xa9, 0x90, 0x88, 0x88, 0x8a, 0xf7, 0xdb,
    0x6, 0x1, 0xff, 0xd3, 0x5c, 0xc3, 0x10, 0x7,
    0xff, 0xc, 0x9f, 0x30, 0xa0, 0x1f, 0xfc, 0xf3,
    0xca, 0x30, 0xf, 0xfe, 0x49, 0xd6, 0x18, 0x7,
    0xff, 0x32, 0x30, 0xc0, 0x3f, 0xf9, 0xa7, 0x90,
    0x1, 0xff, 0xc9, 0x1b, 0x70, 0xf, 0xfe, 0x8b,
    0xe0, 0x80, 0x7f, 0xf1, 0x87, 0x10, 0x3, 0xff,
    0xa6, 0x78, 0x20, 0x1f, 0xfc, 0x41, 0xc2, 0x0,
    0xff, 0xea, 0x96, 0x8, 0x7, 0xff, 0xf, 0x48,
    0x3, 0xff, 0xae, 0x54, 0x1, 0xff, 0xc2, 0xa3,
    0x0, 0xff, 0xec, 0xa4, 0x0, 0x7f, 0xf0, 0x19,
    0x40, 0x3f, 0xfb, 0x6e, 0x60, 0x1f, 0xe1, 0x90,
    0xf, 0xfe, 0xef, 0x0, 0x7f, 0xa8, 0x3, 0xff,
    0x86, 0x2b, 0x39, 0xdf, 0xee, 0xda, 0x72, 0x0,
    0xff, 0xe1, 0x92, 0x80, 0x7e, 0x44, 0x0, 0x7f,
    0xf0, 0x46, 0x7a, 0x98, 0xc4, 0x0, 0x24, 0xb1,
    0xb6, 0x60, 0x1f, 0xfc, 0x28, 0x0, 0xfd, 0x0,
    0x1f, 0xfc, 0x15, 0xe6, 0x0, 0xff, 0xe0, 0x26,
    0x40, 0x7, 0xff, 0x4, 0x90, 0x3, 0xc8, 0x60,
    0x1f, 0xfc, 0x7, 0xa0, 0xf, 0xfe, 0x23, 0xc8,
    0x7, 0xff, 0x7, 0x80, 0x3d, 0xe0, 0x1f, 0xfc,
    0x5, 0x80, 0xf, 0xfe, 0x33, 0x30, 0x3, 0xff,
    0x80, 0xa0, 0x1c, 0x28, 0x1, 0xff, 0xd, 0x0,
    0x7f, 0xf2, 0x24, 0x40, 0x3f, 0xf8, 0xa, 0x1,
    0x98, 0x3, 0xff, 0x81, 0x0, 0x1f, 0xfc, 0xa8,
    0x0, 0xff, 0xe0, 0x60, 0x6, 0xa0, 0xf, 0xf8,
    0x58, 0x3, 0xff, 0x94, 0xc0, 0x1f, 0xfc, 0x5,
    0x0, 0x84, 0x80, 0x3f, 0xe9, 0x0, 0xff, 0xe6,
    0x28, 0x7, 0xfc, 0x60, 0x13, 0x80, 0x7f, 0xf0,
    0x18, 0x3, 0xff, 0x99, 0xe4, 0x5f, 0xfc, 0x1,
    0x0, 0x68, 0x7, 0xfc, 0x62, 0x1, 0xff, 0xcc,
    0x5d, 0xdf, 0xfe, 0x0, 0x80, 0x10, 0x3, 0xfe,
    0xb0, 0xf, 0xfe, 0xe1, 0x80, 0x7f, 0xf0, 0x10,
    0x3, 0xff, 0xb8, 0xa0, 0x1f, 0xfc, 0x3, 0x0,
    0xff, 0xee, 0x78, 0x7, 0xfc, 0x40, 0x1f, 0xe3,
    0x69, 0xbc, 0xdc, 0xbb, 0x4b, 0x18, 0x7, 0xff,
    0x1d, 0x40, 0x3f, 0xe7, 0x0, 0xf9, 0xaf, 0xf2,
    0x59, 0xc, 0x8d, 0x10, 0xd3, 0x9f, 0x6c, 0x20,
    0x1f, 0xfc, 0x33, 0x0, 0xff, 0x88, 0x3, 0xc,
    0x7c, 0xa0, 0x7, 0xff, 0x9, 0x27, 0xa4, 0x80,
    0x3f, 0xf8, 0x2, 0x1, 0xff, 0xc0, 0xe0, 0x9,
    0x3d, 0xc0, 0x3f, 0xf9, 0xd, 0xb2, 0x1, 0xff,
    0x10, 0x7, 0xff, 0x0, 0xc0, 0xf, 0x62, 0x1,
    0xff, 0xcb, 0x6e, 0x40, 0xf, 0xe7, 0x0, 0xff,
    0xe0, 0x8, 0x44, 0x0, 0x3f, 0xf9, 0xc3, 0x6c,
    0x1, 0xf8, 0x80, 0x3f, 0xf8, 0x2e, 0xe0, 0xf,
    0xfe, 0x8c, 0xb8, 0x7, 0xdc, 0x1, 0xff, 0xc0,
    0xc8, 0x0, 0xff, 0xe9, 0xc3, 0x0, 0x78, 0x40,
    0x3f, 0xf8, 0xe, 0x1, 0xff, 0xd5, 0x94, 0x0,
    0xe3, 0x0, 0xff, 0xf1, 0xd0, 0x7, 0xff, 0xa4,
    0x64, 0x3, 0x8, 0x7, 0xff, 0x24, 0x56, 0xb3,
    0xbf, 0xb6, 0xd8, 0x40, 0x3f, 0xf8, 0x8c, 0x60,
    0x1f, 0xfc, 0xb1, 0x8e, 0xa5, 0x31, 0x1, 0x24,
    0x9e, 0x80, 0xf, 0xfe, 0x24, 0x80, 0x4e, 0x1,
    0xff, 0xc6, 0x4f, 0x70, 0xf, 0xf9, 0xf8, 0x80,
    0x3f, 0xf8, 0x4a, 0x40, 0x1f, 0xfc, 0x85, 0xb1,
    0x0, 0xff, 0xe0, 0x8e, 0x10, 0x7, 0xff, 0xa,
    0x80, 0xe, 0x1, 0xff, 0xc4, 0x3a, 0x0, 0xff,
    0xe2, 0xf, 0x0, 0x7f, 0xf0, 0x94, 0x3, 0xff,
    0x8c, 0x3a, 0x1, 0xff, 0xc6, 0x37, 0x0, 0xff,
    0xe0, 0x91, 0x0, 0x3f, 0xf8, 0xb2, 0x20, 0x1f,
    0xfc, 0x79, 0x0, 0xff, 0xe1, 0x20, 0x8, 0x7,
    0xff, 0xd, 0x80, 0x3f, 0xf9, 0x2, 0xa0, 0x1f,
    0xfc, 0x1f, 0x3, 0x0, 0xff, 0xe1, 0x28, 0x80,
    0x7f, 0xf2, 0x7c, 0x3, 0xff, 0x82, 0xa1, 0xc0,
    0x1f, 0xfc, 0x2c, 0x0, 0xff, 0xe5, 0x20, 0x7,
    0xff, 0x4, 0x80, 0x40, 0x3f, 0xf8, 0x48, 0x1,
    0xff, 0xca, 0x11, 0x0, 0x7f, 0xf0, 0x4, 0x8,
    0x3, 0xff, 0x84, 0x40, 0x1f, 0xfc, 0xb3, 0x0,
    0xff, 0xe1, 0x30, 0x7, 0xff, 0x68, 0x40, 0x3f,
    0xf8, 0x22, 0x40, 0x1f, 0xfc, 0x11, 0x0, 0xff,
    0xe6, 0x38, 0x7, 0xff, 0xc, 0x80, 0x3f, 0xf8,
    0x2, 0x1, 0xff, 0xcc, 0x70, 0xf, 0xfe, 0x8,
    0x82, 0x0, 0x7f, 0xf0, 0x44, 0x3, 0xff, 0x96,
    0x20, 0x1f, 0xfc, 0x3f, 0x0, 0xff, 0xe0, 0x90,
    0x7, 0xff, 0x2c, 0x80, 0x3f, 0xf8, 0x68, 0x1,
    0xff, 0xc1, 0x40, 0xf, 0xfe, 0x51, 0x0, 0x7f,
    0xf0, 0x4c, 0x0, 0x42, 0x1, 0xff, 0xc0, 0xc0,
    0xf, 0xfe, 0x52, 0x0, 0x7f, 0xf0, 0x58, 0x2,
    0x70, 0xf, 0xfe, 0x2, 0x8, 0x7, 0xff, 0x26,
    0x80, 0x3f, 0xf8, 0x3a, 0x1, 0x68, 0x7, 0xff,
    0x6, 0x40, 0x3f, 0xf9, 0x4, 0x60, 0x1f, 0xfc,
    0x13, 0x0, 0x90, 0x40, 0x3f, 0xf8, 0xe, 0x40,
    0x1f, 0xfc, 0x78, 0x0, 0xff, 0xe0, 0x8a, 0x0,
    0x66, 0x0, 0xff, 0xe0, 0xf0, 0x7, 0xff, 0x19,
    0x14, 0x3, 0xff, 0x82, 0x80, 0x1d, 0x40, 0x1f,
    0xfc, 0x13, 0xa0, 0xf, 0xfe, 0x20, 0xc8, 0x7,
    0xff, 0xb, 0xc0, 0x38, 0x90, 0x3, 0xff, 0x82,
    0xb6, 0x1, 0xff, 0xc2, 0x1c, 0x20, 0xf, 0xfe,
    0x9, 0x28, 0x7, 0xa4, 0x3, 0xff, 0x84, 0x9a,
    0xa0, 0x1f, 0xf2, 0xf9, 0x0, 0x7f, 0xf0, 0xac,
    0x3, 0xe2, 0x50, 0xf, 0xfe, 0x11, 0x56, 0x39,
    0x0, 0x70, 0xb6, 0x50, 0x80, 0x7f, 0xf0, 0x85,
    0x80, 0x3f, 0x58, 0x7, 0xff, 0x10, 0xe3, 0x7f,
    0xb7, 0xbf, 0xa4, 0xc0, 0x3f, 0xf8, 0x96, 0x1,
    0xfc, 0x34, 0x1, 0xff, 0xc7, 0x12, 0x10, 0xf,
    0xfe, 0x3a, 0x28, 0x7, 0xf9, 0x54, 0x1, 0xff,
    0xdb, 0x1a, 0x0, 0xff, 0xe0, 0x51, 0x80, 0x7f,
    0xf6, 0xb4, 0x40, 0x3f, 0xf8, 0x3a, 0x20, 0x1f,
    0xfd, 0x8a, 0x30, 0xf, 0xfe, 0x10, 0xe1, 0x0,
    0x7f, 0xf5, 0xa9, 0x40, 0x3f, 0xf8, 0x85, 0x86,
    0x1, 0xff, 0xd3, 0x1c, 0x50, 0xf, 0xfe, 0x30,
    0xe3, 0x80, 0x7f, 0xf4, 0x53, 0xcc, 0x3, 0xff,
    0x93, 0x18, 0x60, 0x1f, 0xfc, 0xd1, 0x9b, 0x10,
    0xf, 0xfe, 0x59, 0xe5, 0x18, 0x7, 0xff, 0x24,
    0x63, 0x98, 0x3, 0xff, 0x9e, 0xb9, 0x86, 0x10,
    0xf, 0xfe, 0x22, 0xd7, 0x38, 0x7, 0xff, 0x4c,
    0xe7, 0xb6, 0x5d, 0x8, 0x40, 0x21, 0x23, 0x69,
    0xcf, 0xa5, 0x0, 0xff, 0xe2, 0x0,

    /* U+0037 "7" */
    0x36, 0x6f, 0xff, 0x2a, 0xcc, 0xff, 0xf9, 0xac,
    0x3, 0xff, 0xfe, 0x1, 0xff, 0xff, 0x0, 0xff,
    0xff, 0x80, 0x7f, 0xff, 0xc0, 0x3f, 0xff, 0xe0,
    0x1f, 0xff, 0xf0, 0xf, 0xff, 0xf8, 0x7, 0xff,
    0x5c, 0xeb, 0xff, 0xff, 0xae, 0x80, 0x1f, 0xfc,
    0x1a, 0x0, 0xff, 0xeb, 0x9a, 0x0, 0x7f, 0xf0,
    0x58, 0x3, 0xff, 0xaf, 0x0, 0x1f, 0xfc, 0x17,
    0x10, 0xf, 0xfe, 0xb1, 0xa0, 0x7, 0xff, 0x6,
    0x40, 0x3f, 0xfa, 0xf0, 0x1, 0xff, 0xc1, 0x71,
    0x0, 0xff, 0xeb, 0x1a, 0x0, 0x7f, 0xf0, 0x64,
    0x3, 0xff, 0xaf, 0x0, 0x1f, 0xfc, 0x16, 0x10,
    0xf, 0xfe, 0xb1, 0xa0, 0x7, 0xff, 0x6, 0x0,
    0x3f, 0xfa, 0xf0, 0x1, 0xff, 0xc1, 0x61, 0x0,
    0xff, 0xeb, 0x1a, 0x0, 0x7f, 0xf0, 0x6c, 0x3,
    0xff, 0xaf, 0x0, 0x1f, 0xfc, 0x15, 0x20, 0xf,
    0xfe, 0xb1, 0xa0, 0x7, 0xff, 0x6, 0x0, 0x3f,
    0xfa, 0xf0, 0x1, 0xff, 0xc1, 0x52, 0x0, 0xff,
    0xeb, 0x1a, 0x0, 0x7f, 0xf0, 0x60, 0x3, 0xff,
    0xaf, 0x0, 0x1f, 0xfc, 0x14, 0x20, 0xf, 0xfe,
    0xb1, 0xa0, 0x7, 0xff, 0x6, 0x0, 0x3f, 0xfa,
    0xf0, 0x1, 0xff, 0xc1, 0x43, 0x0, 0xff, 0xeb,
    0x1a, 0x0, 0x7f, 0xf0, 0x60, 0x3, 0xff, 0xaf,
    0x0, 0x1f, 0xfc, 0x13, 0x30, 0x7, 0xff, 0x58,
    0xd0, 0x3, 0xff, 0x83, 0x0, 0x1f, 0xfd, 0x78,
    0x0, 0xff, 0xe0, 0x9a, 0x0, 0x7f, 0xf5, 0x8d,
    0x0, 0x3f, 0xf8, 0x30, 0x1, 0xff, 0xd7, 0x80,
    0xf, 0xfe, 0x9, 0xa0, 0x7, 0xff, 0x58, 0xd0,
    0x3, 0xff, 0x83, 0x20, 0x1f, 0xfd, 0x78, 0x0,
    0xff, 0xe0, 0x92, 0x80, 0x7f, 0xf5, 0x8d, 0x0,
    0x3f, 0xf8, 0x30, 0x1, 0xff, 0xd7, 0x80, 0xf,
    0xfe, 0x9, 0x28, 0x7, 0xff, 0x58, 0xd0, 0x3,
    0xff, 0x83, 0x60, 0x1f, 0xfd, 0x78, 0x0, 0xff,
    0xe0, 0x8b, 0x0, 0x7f, 0xf5, 0x8d, 0x0, 0x3f,
    0xf8, 0x30, 0x1, 0xff, 0xd7, 0x80, 0xf, 0xfe,
    0x8, 0xb0, 0x7, 0xff, 0x58, 0xd0, 0x3, 0xff,
    0x83, 0x0, 0x1f, 0xfd, 0x78, 0x0, 0xff, 0xe0,
    0x8b, 0x0, 0x7f, 0xf5, 0x8d, 0x0, 0x3f, 0xf8,
    0x32, 0x1, 0xff, 0xd7, 0x80, 0xf, 0xfe, 0x8,
    0xb8, 0x7, 0xff, 0x58, 0xd0, 0x3, 0xff, 0x83,
    0x20, 0x1f, 0xfd, 0x78, 0x0, 0xff, 0xe1, 0x30,
    0x7, 0xff, 0x58, 0xd0, 0x3, 0xff, 0x82, 0xe2,
    0x1, 0xff, 0xd6, 0x80, 0xf, 0xfe, 0x14, 0x80,
    0x7f, 0xf5, 0x8d, 0x0, 0x3f, 0xf8, 0x2e, 0x20,
    0x1f, 0xfd, 0x68, 0x0, 0xff, 0xe1, 0x48, 0x7,
    0xff, 0x58, 0xd0, 0x3, 0xff, 0x82, 0xc2, 0x1,
    0xff, 0xd6, 0x80, 0xf, 0xfe, 0x14, 0x0, 0x7f,
    0xf5, 0x8d, 0x0, 0x3f, 0xf8, 0x2c, 0x20, 0x1f,
    0xfd, 0x68, 0x0, 0xff, 0xe1, 0x58, 0x7, 0xff,
    0x58, 0xd0, 0x3, 0xff, 0x82, 0xa4, 0x1, 0xff,
    0xd6, 0x80, 0xf, 0xfe, 0x14, 0x0, 0x7f, 0xf5,
    0x8d, 0x0, 0x3f, 0xf8, 0x2a, 0x40, 0x1f, 0xfd,
    0x68, 0x0, 0xff, 0xe1, 0x40, 0x7, 0xff, 0x58,
    0xd0, 0x3, 0xff, 0x82, 0x84, 0x1, 0xff, 0xd6,
    0x80, 0xf, 0xfe, 0x14, 0x0, 0x7f, 0xf5, 0x8d,
    0x0, 0x3f, 0xf8, 0x28, 0x60, 0x1f, 0xfd, 0x68,
    0x0, 0xff, 0xe1, 0x40, 0x7, 0xff, 0x58, 0xd0,
    0x3, 0xff, 0x82, 0x66, 0x0, 0xff, 0xeb, 0x40,
    0x7, 0xff, 0xa, 0x0, 0x3f, 0xfa, 0xc6, 0x80,
    0x1f, 0xfc, 0x13, 0x40, 0xf, 0xfe, 0xb4, 0x0,
    0x7f, 0xf0, 0xa0, 0x3, 0xff, 0xac, 0x68, 0x1,
    0xff, 0xc1, 0x34, 0x0, 0xff, 0xeb, 0x40, 0x7,
    0xff, 0xa, 0x40, 0x3f, 0xfa, 0xc6, 0x80, 0x1f,
    0xfc, 0x12, 0x50, 0xf, 0xfe, 0xb4, 0x0, 0x7f,
    0xf0, 0xa0, 0x3, 0xff, 0xa2,

    /* U+0038 "8" */
    0x0, 0xff, 0xe4, 0x13, 0x45, 0xef, 0x7f, 0xdd,
    0xb9, 0x4e, 0x80, 0x1f, 0xfd, 0x94, 0xae, 0xd9,
    0x74, 0x21, 0x0, 0x84, 0x8d, 0x62, 0xff, 0x1c,
    0x40, 0x3f, 0xfa, 0x6f, 0xd6, 0xa2, 0x1, 0xff,
    0xc4, 0x38, 0xea, 0x30, 0xf, 0xfe, 0x7b, 0x74,
    0x8, 0x7, 0xff, 0x29, 0x72, 0x88, 0x3, 0xff,
    0x96, 0x59, 0x22, 0x1, 0xff, 0xce, 0x5d, 0x60,
    0xf, 0xfe, 0x4a, 0xe9, 0x80, 0x7f, 0xf4, 0xa6,
    0x80, 0x3f, 0xf8, 0xeb, 0x40, 0x1f, 0xfd, 0x55,
    0xb0, 0xf, 0xfe, 0x2a, 0xd0, 0x7, 0xff, 0x5d,
    0x30, 0x3, 0xff, 0x86, 0x74, 0x1, 0xff, 0xd9,
    0x39, 0x0, 0xff, 0xe0, 0x8e, 0x80, 0x7f, 0xf6,
    0xd9, 0x40, 0x3f, 0xf8, 0x12, 0x20, 0x1f, 0xfd,
    0xcb, 0x0, 0xff, 0x89, 0xc0, 0x3f, 0xf8, 0xa9,
    0x13, 0x53, 0xc, 0x40, 0x1f, 0xfc, 0x41, 0x80,
    0xf, 0xf5, 0x80, 0x7f, 0xf0, 0xca, 0xbe, 0xdd,
    0x95, 0x9e, 0x77, 0x4a, 0x1, 0xff, 0xc3, 0x70,
    0xf, 0xf3, 0x80, 0x7f, 0xf0, 0x9b, 0x54, 0x3,
    0xf8, 0xaa, 0xc4, 0x3, 0xff, 0x84, 0xc0, 0x1f,
    0x94, 0x40, 0x3f, 0xf8, 0x2d, 0x20, 0x1f, 0xfc,
    0x14, 0xd0, 0xf, 0xfe, 0x16, 0x80, 0x7e, 0xd0,
    0xf, 0xfe, 0x9, 0xc8, 0x7, 0xff, 0xc, 0xe8,
    0x3, 0xff, 0x82, 0x80, 0x1f, 0x90, 0x3, 0xff,
    0x83, 0xe0, 0x1f, 0xfc, 0x55, 0x30, 0xf, 0xfe,
    0x9, 0x80, 0x7c, 0x40, 0x1f, 0xfc, 0x2, 0x30,
    0xf, 0xfe, 0x35, 0x0, 0x7f, 0xf0, 0x58, 0x3,
    0xe1, 0x0, 0xff, 0xe0, 0x28, 0x7, 0xff, 0x1d,
    0xc0, 0x3f, 0xf8, 0x26, 0x1, 0xff, 0xc8, 0xd0,
    0xf, 0xfe, 0x38, 0x88, 0x3, 0xff, 0x80, 0x20,
    0x1e, 0x10, 0xf, 0xfe, 0x8, 0x80, 0x7f, 0xf2,
    0xc, 0x3, 0xff, 0x81, 0xe0, 0x1e, 0x10, 0xf,
    0xff, 0x1f, 0x0, 0x7c, 0x20, 0x1f, 0xfc, 0x2,
    0x0, 0xff, 0xe4, 0x10, 0x7, 0xff, 0x0, 0xc0,
    0x3e, 0x50, 0xf, 0xfe, 0x7, 0x80, 0x7f, 0xf1,
    0xc8, 0x3, 0xff, 0x82, 0x80, 0x1f, 0x60, 0x7,
    0xff, 0x1, 0x0, 0x3f, 0xf8, 0xe8, 0x1, 0xff,
    0xc0, 0x11, 0x0, 0x7c, 0xc0, 0x1f, 0xfc, 0x2,
    0x40, 0xf, 0xfe, 0x35, 0x80, 0x7f, 0xf0, 0x18,
    0x3, 0xf0, 0x98, 0x7, 0xff, 0x2, 0x40, 0x3f,
    0xf8, 0xac, 0x40, 0x1f, 0xfc, 0xb, 0x0, 0xfe,
    0x80, 0xf, 0xfe, 0x1, 0x48, 0x7, 0xff, 0xc,
    0xe4, 0x3, 0xff, 0x80, 0x86, 0x1, 0xfc, 0x86,
    0x1, 0xff, 0xc0, 0x6a, 0x0, 0xff, 0xe0, 0xa6,
    0x0, 0x7f, 0xf0, 0x60, 0x3, 0xfe, 0xe0, 0xf,
    0xfe, 0xa, 0xea, 0x80, 0x7f, 0x15, 0x58, 0x7,
    0xff, 0x5, 0xcc, 0x3, 0xfe, 0x2a, 0x0, 0xff,
    0xe0, 0x95, 0x75, 0xbb, 0x2a, 0x9e, 0x77, 0x4a,
    0x1, 0xff, 0xc1, 0x38, 0x0, 0xff, 0xe0, 0xad,
    0x0, 0x7f, 0xf0, 0x85, 0x22, 0x6a, 0x90, 0xc4,
    0x1, 0xff, 0xc2, 0x3c, 0x0, 0xff, 0xe1, 0xae,
    0x10, 0x7, 0xff, 0x59, 0xb0, 0x3, 0xff, 0x8a,
    0x7a, 0xe0, 0x1f, 0xfd, 0x33, 0xc9, 0x0, 0xff,
    0xe4, 0x47, 0xb8, 0x7, 0xff, 0x3c, 0xb3, 0x6,
    0x1, 0xff, 0xc9, 0x3a, 0x70, 0xf, 0xfe, 0x79,
    0x73, 0x0, 0x7f, 0xf2, 0xa, 0xf1, 0x40, 0x3f,
    0xfa, 0x25, 0x3c, 0xc0, 0x1f, 0xfc, 0x58, 0xd4,
    0x0, 0xff, 0xea, 0x8c, 0xe1, 0x0, 0x7f, 0xf0,
    0x47, 0x1c, 0x3, 0xff, 0xb2, 0x7a, 0xa0, 0x1f,
    0xf0, 0xe1, 0x80, 0x7f, 0xf7, 0x29, 0x80, 0x3f,
    0xd8, 0x40, 0x1f, 0xfc, 0x33, 0x7b, 0xde, 0xff,
    0x6e, 0x4a, 0x80, 0x7f, 0xf1, 0x25, 0x40, 0x3f,
    0x51, 0x0, 0x7f, 0xf0, 0x97, 0x31, 0x8, 0x42,
    0x0, 0x23, 0x6a, 0xf8, 0x10, 0xf, 0xfe, 0x15,
    0x10, 0x7, 0x91, 0x40, 0x3f, 0xf8, 0x57, 0x46,
    0x1, 0xff, 0xc0, 0x7f, 0x40, 0xf, 0xfe, 0x14,
    0x80, 0x7a, 0x0, 0x3f, 0xf8, 0x23, 0xa8, 0x1,
    0xff, 0xc3, 0x1b, 0x60, 0xf, 0xfe, 0xa, 0x18,
    0x6, 0x53, 0x0, 0xff, 0xe0, 0xe9, 0x0, 0x7f,
    0xf1, 0xa5, 0x0, 0x3f, 0xf8, 0x3e, 0x1, 0xa4,
    0x3, 0xff, 0x83, 0x26, 0x1, 0xff, 0xc8, 0xa1,
    0x0, 0xff, 0xe0, 0x19, 0x80, 0x2, 0x60, 0x1f,
    0xfc, 0x2, 0x60, 0xf, 0xfe, 0x48, 0xc8, 0x7,
    0xff, 0x6, 0xc0, 0xc, 0x1, 0xff, 0xc1, 0xb0,
    0xf, 0xfe, 0x5b, 0x80, 0x7f, 0xf0, 0x58, 0x1,
    0xa0, 0x1f, 0xfc, 0x17, 0x0, 0xff, 0xe6, 0x28,
    0x7, 0xff, 0x0, 0x48, 0x10, 0x3, 0xff, 0x80,
    0x42, 0x1, 0xff, 0xcc, 0xc0, 0xf, 0xfe, 0xb,
    0x88, 0x80, 0x3f, 0xf8, 0xc, 0x1, 0xff, 0xcd,
    0x20, 0xf, 0xfe, 0xe, 0x98, 0x7, 0xff, 0x4,
    0x80, 0x3f, 0xf9, 0xac, 0x1, 0xff, 0xc1, 0x11,
    0x0, 0x7f, 0xfa, 0x4c, 0x3, 0xff, 0x84, 0x60,
    0x1f, 0xfc, 0xd1, 0x0, 0xff, 0xe1, 0x8, 0x7,
    0xff, 0x5, 0x80, 0x3f, 0xf9, 0xac, 0x1, 0xff,
    0xc1, 0x33, 0x0, 0x7f, 0xf0, 0x4c, 0x3, 0xff,
    0x9b, 0x80, 0x1f, 0xfc, 0x11, 0x10, 0x7, 0xff,
    0x9, 0x0, 0x3f, 0xf9, 0x88, 0x1, 0xff, 0xc1,
    0xf0, 0x20, 0xf, 0xfe, 0xf, 0x80, 0x7f, 0xf2,
    0xd0, 0x80, 0x3f, 0xf8, 0x26, 0x8, 0x1, 0xff,
    0xc1, 0x44, 0x0, 0x7f, 0xf2, 0xa4, 0x3, 0xff,
    0x84, 0xa1, 0xe0, 0x1f, 0xfc, 0x29, 0x10, 0xf,
    0xfe, 0x44, 0x10, 0x7, 0xff, 0x4, 0x84, 0x1c,
    0x3, 0xff, 0x84, 0x5a, 0x1, 0xff, 0xc7, 0x67,
    0x0, 0xff, 0xe1, 0x50, 0x0, 0x54, 0x3, 0xff,
    0x84, 0x7a, 0x40, 0x1f, 0xfc, 0x48, 0x90, 0xf,
    0xfe, 0x1a, 0x80, 0x5c, 0x1, 0xff, 0xc3, 0x2d,
    0x71, 0x0, 0xff, 0xe0, 0x26, 0x38, 0x7, 0xff,
    0xd, 0x8, 0x2, 0x44, 0x0, 0x7f, 0xf1, 0x23,
    0xa5, 0x44, 0x3, 0xc8, 0xfb, 0x66, 0x1, 0xff,
    0xc4, 0x80, 0xe, 0x80, 0xf, 0xfe, 0x33, 0x57,
    0x7f, 0x6e, 0xbf, 0xd7, 0x4, 0x1, 0xff, 0xc5,
    0x53, 0x0, 0xe3, 0x70, 0xf, 0xfe, 0x48, 0x91,
    0x0, 0x3f, 0xf9, 0x23, 0x60, 0x1f, 0x41, 0x80,
    0x7f, 0xf8, 0x34, 0x40, 0x3f, 0x68, 0x80, 0x7f,
    0xf7, 0xa4, 0xc0, 0x3f, 0x87, 0x4, 0x3, 0xff,
    0xb9, 0xc, 0x1, 0xff, 0x17, 0x90, 0x7, 0xff,
    0x6a, 0x5c, 0x3, 0xff, 0x82, 0x3a, 0xa0, 0x1f,
    0xfd, 0x71, 0xc6, 0x0, 0xff, 0xe2, 0x54, 0x88,
    0x7, 0xff, 0x51, 0x7c, 0xc0, 0x3f, 0xf8, 0xcd,
    0xce, 0x1, 0xff, 0xd1, 0x3c, 0xa1, 0x0, 0xff,
    0xe4, 0xc7, 0x40, 0x80, 0x7f, 0xf3, 0x16, 0xf0,
    0xc0, 0x3f, 0xf9, 0x82, 0xfd, 0x6c, 0x40, 0x1f,
    0xfc, 0x64, 0x9e, 0xa4, 0x0, 0xff, 0xe8, 0xa4,
    0xef, 0x54, 0x29, 0x90, 0x80, 0x42, 0x22, 0x47,
    0x9c, 0xfb, 0x61, 0x0, 0xff, 0xe1, 0x80,

    /* U+0039 "9" */
    0x0, 0xff, 0xe3, 0x12, 0xc5, 0xef, 0x73, 0xfd,
    0xdb, 0x72, 0xe6, 0x1, 0xff, 0xd8, 0x28, 0xdd,
    0x53, 0xa1, 0x8, 0x80, 0x2, 0x48, 0xd1, 0x9f,
    0x6a, 0x1, 0xff, 0xd3, 0x3b, 0xd7, 0x20, 0xf,
    0xfe, 0x22, 0x57, 0xc0, 0x80, 0x7f, 0xf3, 0x8a,
    0xf1, 0x0, 0x3f, 0xf9, 0x4f, 0xce, 0x1, 0xff,
    0xcc, 0x6d, 0x40, 0xf, 0xfe, 0x74, 0x61, 0x0,
    0x7f, 0xf2, 0x6e, 0x40, 0x3f, 0xfa, 0x27, 0xaa,
    0x1, 0xff, 0xc6, 0x1c, 0x40, 0xf, 0xfe, 0xa5,
    0x30, 0x7, 0xff, 0x10, 0x70, 0xc0, 0x3f, 0xfa,
    0xd2, 0xc0, 0x1f, 0xfc, 0x3a, 0x20, 0xf, 0xfe,
    0xc4, 0xa0, 0x7, 0xff, 0x6, 0x50, 0x3, 0xff,
    0xb5, 0x64, 0x1, 0xff, 0x23, 0x0, 0x7f, 0xf7,
    0x38, 0x3, 0xfe, 0x90, 0xf, 0xfe, 0x38, 0x90,
    0x80, 0x7f, 0xf1, 0xcd, 0xc0, 0x3f, 0xa0, 0x80,
    0x3f, 0xf8, 0x62, 0xd7, 0xfd, 0xbd, 0xfd, 0x4a,
    0x1, 0xff, 0xc4, 0x81, 0x0, 0xfc, 0xc0, 0x1f,
    0xfc, 0x36, 0xf9, 0x40, 0xe, 0x15, 0xae, 0x50,
    0xf, 0xfe, 0x1c, 0x0, 0x7c, 0xe2, 0x1, 0xff,
    0xc2, 0xa9, 0x10, 0xf, 0xf0, 0xd5, 0x0, 0x3f,
    0xf8, 0x4c, 0x40, 0x1e, 0x90, 0xf, 0xfe, 0x14,
    0xa8, 0x7, 0xff, 0x9, 0x6c, 0x3, 0xff, 0x85,
    0x40, 0x1c, 0x62, 0x1, 0xff, 0xc1, 0x56, 0x0,
    0xff, 0xe2, 0x24, 0x80, 0x7f, 0xf0, 0x58, 0x3,
    0xac, 0x3, 0xff, 0x85, 0x60, 0x1f, 0xfc, 0x66,
    0x50, 0xf, 0xfe, 0x0, 0xb0, 0x6, 0x50, 0xf,
    0xfe, 0xb, 0x8, 0x7, 0xff, 0x1e, 0x0, 0x3f,
    0xf8, 0x3a, 0x1, 0x88, 0x3, 0xff, 0x83, 0x60,
    0x1f, 0xfc, 0x82, 0x50, 0xf, 0xfe, 0x2, 0x0,
    0x46, 0x1, 0xff, 0xc1, 0x22, 0x0, 0x7f, 0xf2,
    0x78, 0x3, 0xff, 0x82, 0xa0, 0x5, 0x0, 0xff,
    0xe0, 0xa0, 0x7, 0xff, 0x29, 0x0, 0x3f, 0xf8,
    0x38, 0x0, 0xe0, 0xf, 0xfe, 0xf, 0x80, 0x7f,
    0xf2, 0xcc, 0x3, 0xff, 0x80, 0x80, 0x1, 0x0,
    0xff, 0xe0, 0x90, 0x7, 0xff, 0x2d, 0x80, 0x3f,
    0xf8, 0x4, 0x1, 0xff, 0xc4, 0x70, 0xf, 0xfe,
    0x59, 0x0, 0x7f, 0xf0, 0x4c, 0xc, 0x3, 0xff,
    0x82, 0x20, 0x1f, 0xfc, 0xbf, 0x0, 0xff, 0xe0,
    0xa8, 0x7, 0xff, 0xc, 0x40, 0x3f, 0xf9, 0x7e,
    0x1, 0xff, 0xc1, 0xe0, 0x30, 0xf, 0xfe, 0xb,
    0x80, 0x7f, 0xf2, 0xc4, 0x3, 0xff, 0x82, 0x60,
    0x20, 0x1f, 0xfc, 0x11, 0x0, 0xff, 0xe5, 0x90,
    0x7, 0xff, 0x5, 0x83, 0xc0, 0x3f, 0xf8, 0x3a,
    0x1, 0xff, 0xcb, 0x40, 0xf, 0xfe, 0x9, 0x81,
    0x0, 0x7f, 0xf0, 0x50, 0x3, 0xff, 0x94, 0x60,
    0x1f, 0xfc, 0x21, 0x7, 0x0, 0xff, 0xe0, 0x98,
    0x80, 0x7f, 0xf2, 0x68, 0x3, 0xff, 0x86, 0x24,
    0x1, 0xff, 0xc2, 0x90, 0xf, 0xfe, 0x40, 0xb0,
    0x7, 0xff, 0x15, 0x0, 0x3f, 0xf8, 0x2c, 0x20,
    0x1f, 0xfc, 0x78, 0x0, 0xff, 0xe2, 0x18, 0x68,
    0x7, 0xff, 0x4, 0x6c, 0x3, 0xff, 0x8c, 0xac,
    0x1, 0xff, 0xc6, 0x70, 0xf, 0xfe, 0x12, 0xb0,
    0x7, 0xff, 0x11, 0x28, 0x3, 0xff, 0x8a, 0x20,
    0x28, 0x1, 0xff, 0xc2, 0x96, 0x0, 0xff, 0xe1,
    0x35, 0x80, 0x7f, 0xf2, 0x7c, 0x3, 0xff, 0x87,
    0x36, 0x40, 0x1f, 0xe3, 0xb9, 0x0, 0xff, 0xe3,
    0x88, 0x1, 0xc, 0x3, 0xff, 0x86, 0x9b, 0x6c,
    0x62, 0x0, 0x24, 0x8c, 0xc2, 0x0, 0x7f, 0xf3,
    0x3c, 0x3, 0xff, 0x8a, 0x93, 0x9d, 0xfe, 0xdb,
    0x73, 0x0, 0xff, 0xe5, 0x18, 0x4, 0x6e, 0x1,
    0xff, 0xe9, 0x83, 0x0, 0xff, 0xf1, 0x88, 0x7,
    0x68, 0x80, 0x7f, 0xf5, 0x10, 0xc0, 0x3f, 0xf8,
    0xc3, 0x82, 0x1, 0xff, 0xd2, 0x2a, 0x10, 0xf,
    0xf8, 0x80, 0x3e, 0x2c, 0x20, 0xf, 0xfe, 0x81,
    0x78, 0x80, 0x7f, 0xf0, 0x18, 0x3, 0xf1, 0x62,
    0x80, 0x7f, 0xf3, 0x8b, 0x8, 0xc, 0x3, 0xfe,
    0x10, 0xf, 0xe1, 0xab, 0x10, 0xf, 0xfe, 0x5b,
    0x68, 0x80, 0x4, 0x3, 0xfe, 0x20, 0xf, 0xf9,
    0x3a, 0x48, 0x3, 0xff, 0x8e, 0x97, 0x20, 0x10,
    0x80, 0x7f, 0xf0, 0x38, 0x3, 0xff, 0x82, 0xdb,
    0x6c, 0x20, 0x1f, 0xfc, 0x12, 0x7c, 0xb4, 0x0,
    0xc4, 0x1, 0xff, 0xc0, 0x50, 0xf, 0xfe, 0x1a,
    0x4f, 0x6d, 0x3a, 0xa1, 0x91, 0xd, 0x5e, 0xbb,
    0x60, 0xc0, 0x3c, 0xa0, 0x1f, 0xfc, 0x3, 0x0,
    0xff, 0xe3, 0x12, 0xc5, 0x5e, 0x6e, 0xb2, 0xa1,
    0x44, 0x3, 0xfb, 0x80, 0x3f, 0xe2, 0x0, 0xff,
    0xee, 0xa0, 0x7, 0xfc, 0xe0, 0x1f, 0xfd, 0xd3,
    0x0, 0xff, 0xb4, 0x3, 0xff, 0xb8, 0xa0, 0x1f,
    0xfc, 0x5, 0x0, 0x4e, 0xef, 0xfd, 0x40, 0x1f,
    0xfc, 0xdc, 0x0, 0xff, 0x88, 0x80, 0x1, 0x22,
    0xff, 0x94, 0x40, 0x3f, 0xf9, 0x8c, 0x1, 0xff,
    0x20, 0x5, 0xc0, 0x1f, 0xfc, 0x7, 0x0, 0xff,
    0xe5, 0xb8, 0x7, 0xff, 0x3, 0x40, 0x24, 0x0,
    0xff, 0xe0, 0x58, 0x7, 0xff, 0x2e, 0x40, 0x3f,
    0xe1, 0x40, 0x8, 0x84, 0x3, 0xfe, 0x25, 0x0,
    0xff, 0xe4, 0xb8, 0x80, 0x7f, 0xce, 0x1, 0xce,
    0x1, 0xff, 0xc0, 0xb1, 0x0, 0xff, 0xe3, 0x94,
    0x0, 0x7f, 0xf0, 0x2c, 0x3, 0xb4, 0x3, 0xff,
    0x80, 0x34, 0x1, 0xff, 0xc6, 0x2c, 0x0, 0xff,
    0xe0, 0x21, 0x0, 0x72, 0x8, 0x7, 0xff, 0x1,
    0x30, 0x40, 0x3f, 0xf8, 0x67, 0x82, 0x1, 0xff,
    0xc0, 0xf0, 0xf, 0xa4, 0x3, 0xff, 0x82, 0x7e,
    0xc0, 0x1f, 0xfc, 0x1, 0x9c, 0x10, 0xf, 0xfe,
    0x2, 0x20, 0x3, 0xe7, 0x10, 0xf, 0xfe, 0x8,
    0xcf, 0x42, 0x88, 0x7, 0x1b, 0x5f, 0x30, 0x7,
    0xff, 0xa, 0x0, 0x3f, 0xa0, 0x3, 0xff, 0x86,
    0x2f, 0x5d, 0xfe, 0xef, 0xf6, 0x4a, 0x0, 0x7f,
    0xf0, 0xdc, 0xc0, 0x3f, 0x98, 0xc0, 0x3f, 0xf9,
    0x2, 0x1, 0xff, 0xc7, 0x28, 0x0, 0xff, 0xb8,
    0x3, 0xff, 0xb9, 0xc0, 0x1f, 0xfc, 0x2, 0x90,
    0xf, 0xfe, 0xd5, 0x18, 0x7, 0xff, 0x5, 0x9c,
    0x3, 0xff, 0xb1, 0xa, 0x1, 0xff, 0xc3, 0x86,
    0x0, 0xff, 0xeb, 0x43, 0x80, 0x7f, 0xf1, 0x65,
    0xc0, 0x3f, 0xfa, 0x92, 0xe0, 0x1f, 0xfc, 0x78,
    0xa1, 0x0, 0xff, 0xe8, 0x16, 0x30, 0x7, 0xff,
    0x25, 0x7d, 0x40, 0x3f, 0xf9, 0xcd, 0xa6, 0x1,
    0xff, 0xcb, 0x1a, 0xc4, 0x0, 0xff, 0xe5, 0x2e,
    0xc8, 0x7, 0xff, 0x3c, 0xef, 0x5c, 0x80, 0x3f,
    0xf8, 0x85, 0x1d, 0x44, 0x1, 0xff, 0xd2, 0x28,
    0xde, 0xa7, 0x53, 0x10, 0xc, 0x24, 0x8f, 0x5d,
    0xae, 0x20, 0x1f, 0xfc, 0x60,

    /* U+0041 "A" */
    0x0, 0xff, 0xe7, 0x57, 0xff, 0xff, 0xb, 0x40,
    0x3f, 0xfd, 0xa, 0x1, 0xff, 0xc2, 0x22, 0x0,
    0x7f, 0xf9, 0x98, 0x3, 0xff, 0x89, 0x40, 0x1f,
    0xfe, 0x6d, 0x0, 0xff, 0xe2, 0x30, 0x7, 0xff,
    0x94, 0x50, 0x3, 0xff, 0x88, 0x26, 0x1, 0xff,
    0xe4, 0x60, 0xf, 0xfe, 0x35, 0x0, 0x7f, 0xf9,
    0x2c, 0x3, 0xff, 0x8c, 0xe0, 0x1f, 0xfe, 0x32,
    0x30, 0xf, 0xfe, 0x30, 0xa0, 0x7, 0xff, 0x8a,
    0x80, 0x3f, 0xf9, 0x1c, 0x1, 0xff, 0xe2, 0x50,
    0xf, 0xfe, 0x42, 0x80, 0x7f, 0xf8, 0x4c, 0x80,
    0x3f, 0xf9, 0x2a, 0x1, 0xff, 0xe0, 0xa0, 0xf,
    0xfe, 0x57, 0x0, 0x7f, 0xf8, 0x1c, 0x3, 0xff,
    0x94, 0x82, 0x1, 0xff, 0xde, 0x41, 0x0, 0xff,
    0xe5, 0xb8, 0x7, 0xff, 0x7b, 0x80, 0x3f, 0xf9,
    0x94, 0x1, 0xff, 0xde, 0x50, 0xf, 0xf8, 0x4c,
    0x3, 0xfe, 0x32, 0x0, 0xff, 0xee, 0x28, 0x7,
    0xff, 0x1, 0xec, 0x3, 0xff, 0x80, 0xa0, 0x1f,
    0xfd, 0xce, 0x0, 0xff, 0xe0, 0x6b, 0x0, 0x7f,
    0xf0, 0x28, 0x3, 0xff, 0xb6, 0x28, 0x1, 0xff,
    0xa, 0x9, 0x80, 0x7f, 0xc4, 0x60, 0x1f, 0xfd,
    0xa7, 0x0, 0xff, 0xe0, 0x38, 0x2, 0xc0, 0x3f,
    0xf8, 0x16, 0x1, 0xff, 0xda, 0xa0, 0xf, 0xfe,
    0x6, 0x80, 0x14, 0x3, 0xff, 0x80, 0xc0, 0x1f,
    0xfd, 0x91, 0x30, 0xf, 0xfe, 0x2, 0x0, 0x8,
    0xc0, 0x3f, 0xe1, 0x40, 0xf, 0xfe, 0xc3, 0x0,
    0x7f, 0xf0, 0x14, 0x3, 0x58, 0x7, 0xff, 0x3,
    0x40, 0x3f, 0xfb, 0x14, 0x1, 0xff, 0xc0, 0xe0,
    0xc, 0xa0, 0x1f, 0xfc, 0x6, 0x0, 0xff, 0xeb,
    0x91, 0x0, 0x3f, 0xf8, 0x8, 0x1, 0x88, 0x80,
    0x1f, 0xfc, 0x5, 0x0, 0xff, 0xeb, 0x50, 0x7,
    0xff, 0x1, 0x40, 0x3c, 0xa0, 0x1f, 0xfc, 0xf,
    0x0, 0xff, 0xeb, 0x28, 0x7, 0xff, 0x3, 0xc0,
    0x3d, 0x40, 0x1f, 0xfc, 0x5, 0x0, 0xff, 0xea,
    0x99, 0x0, 0x7f, 0xf0, 0x14, 0x3, 0xc4, 0x40,
    0xf, 0xfe, 0x3, 0x0, 0x7f, 0xf5, 0x28, 0x3,
    0xff, 0x80, 0xa0, 0x1f, 0x94, 0x3, 0xff, 0x81,
    0xa0, 0x1f, 0xfd, 0x47, 0x0, 0xff, 0xe0, 0x78,
    0x7, 0xeb, 0x0, 0xff, 0xe0, 0x20, 0x80, 0x7f,
    0xf4, 0x90, 0x40, 0x3f, 0xf8, 0xa, 0x1, 0xf8,
    0xc8, 0x3, 0xff, 0x80, 0xc0, 0x1f, 0xfd, 0x2e,
    0x0, 0xff, 0xe0, 0x20, 0x7, 0xf9, 0x40, 0x3f,
    0xf8, 0x16, 0x1, 0xff, 0xd2, 0x50, 0xf, 0xfe,
    0x7, 0x0, 0x7f, 0xac, 0x3, 0xff, 0x80, 0x64,
    0x1, 0xff, 0xd0, 0x50, 0xf, 0xfe, 0xa, 0x0,
    0x7f, 0x8c, 0x40, 0x3f, 0xf8, 0x14, 0x1, 0xff,
    0xd0, 0xe0, 0xf, 0xfe, 0x2, 0x8, 0x7, 0xfc,
    0xe0, 0x1f, 0xfc, 0x5, 0x0, 0xff, 0xe7, 0x8a,
    0x0, 0x7f, 0xf0, 0x34, 0x3, 0xff, 0x81, 0x40,
    0x1f, 0xfc, 0x2, 0x30, 0xf, 0xfe, 0x73, 0x80,
    0x7f, 0xf0, 0x5c, 0x3, 0xff, 0x80, 0x62, 0x1,
    0xff, 0xc0, 0xa0, 0xf, 0xfe, 0x75, 0x0, 0x7f,
    0xf0, 0x10, 0x40, 0x3f, 0xf8, 0x2e, 0x1, 0xff,
    0xc0, 0x70, 0xf, 0xfe, 0x69, 0x18, 0x7, 0xff,
    0x3, 0x40, 0x3f, 0xf8, 0x5a, 0x1, 0xff, 0xc0,
    0x14, 0x0, 0xff, 0xe6, 0x28, 0x7, 0xff, 0x5,
    0xc0, 0x3f, 0xf8, 0x48, 0x20, 0x1f, 0xfc, 0xe,
    0x0, 0xff, 0xe6, 0x50, 0x7, 0xff, 0x0, 0xc4,
    0x3, 0xff, 0x86, 0xe0, 0x1f, 0xfc, 0x5, 0x0,
    0xff, 0xe5, 0x91, 0x0, 0x3f, 0xf8, 0x14, 0x1,
    0xff, 0xc4, 0xd0, 0xf, 0xfe, 0xa, 0x80, 0x7f,
    0xf2, 0xa8, 0x3, 0xff, 0x82, 0xe0, 0x1f, 0xfc,
    0x44, 0x10, 0xf, 0xfe, 0x7, 0x0, 0x7f, 0xf2,
    0x98, 0x3, 0xff, 0x80, 0x62, 0x1, 0xff, 0xc5,
    0x40, 0xf, 0xfe, 0x2, 0x8, 0x7, 0xff, 0x20,
    0xc4, 0x3, 0xff, 0x81, 0x60, 0x1f, 0xfc, 0x6e,
    0x0, 0xff, 0xe0, 0xb8, 0x7, 0xff, 0x22, 0x80,
    0x3f, 0xf8, 0x28, 0x23, 0xff, 0xc6, 0x50, 0xf,
    0xfe, 0xd, 0x0, 0x7f, 0xf2, 0x1c, 0x3, 0xff,
    0x83, 0x9d, 0xdf, 0xfc, 0x70, 0xf, 0xfe, 0x9,
    0x88, 0x7, 0xff, 0x19, 0x4, 0x3, 0xff, 0xc6,
    0xc0, 0x1f, 0xfc, 0x6e, 0x0, 0xff, 0xf2, 0x50,
    0x7, 0xff, 0x19, 0x40, 0x3f, 0xfc, 0x84, 0x40,
    0xf, 0xfe, 0x22, 0x80, 0x7f, 0xf9, 0xa8, 0x3,
    0xff, 0x89, 0xc0, 0x1f, 0xfe, 0x65, 0x0, 0xff,
    0xe1, 0x8a, 0x0, 0x7f, 0xf9, 0x88, 0xc0, 0x3f,
    0xf8, 0x4e, 0x1, 0xff, 0xe8, 0xa0, 0xf, 0xfe,
    0x15, 0x0, 0x7f, 0xfa, 0x1c, 0x3, 0xff, 0x82,
    0x46, 0x1, 0xff, 0xe8, 0x14, 0x0, 0xff, 0xe0,
    0x28, 0x7, 0xff, 0xab, 0x80, 0x3f, 0xf8, 0x14,
    0x1, 0xff, 0xea, 0x50, 0xf, 0xf8, 0xc8, 0x3,
    0xff, 0x80, 0x3f, 0xff, 0xfd, 0x2, 0x0, 0xff,
    0xe0, 0xa8, 0x7, 0xfa, 0xc0, 0x3f, 0xf8, 0x2e,
    0x1, 0xff, 0xd0, 0x50, 0xf, 0xfe, 0xf, 0x0,
    0x7f, 0x98, 0x3, 0xff, 0x83, 0x40, 0x1f, 0xfd,
    0xa, 0x0, 0xff, 0xe0, 0xa0, 0x80, 0x7e, 0x41,
    0x0, 0xff, 0xe0, 0x9, 0x80, 0x7f, 0xf4, 0x8,
    0x80, 0x1f, 0xfc, 0x17, 0x0, 0xfd, 0xa0, 0x1f,
    0xfc, 0x17, 0x0, 0xff, 0xe9, 0x28, 0x7, 0xff,
    0x6, 0x80, 0x3f, 0x30, 0x7, 0xff, 0x7, 0x40,
    0x3f, 0xfa, 0x54, 0x1, 0xff, 0xc1, 0x32, 0x0,
    0xf2, 0x80, 0x7f, 0xf0, 0x45, 0x0, 0x3f, 0xfa,
    0x44, 0x40, 0xf, 0xfe, 0xa, 0x80, 0x7b, 0xc0,
    0x3f, 0xf8, 0x2e, 0x1, 0xff, 0xd4, 0x50, 0xf,
    0xfe, 0xd, 0x0, 0x79, 0x40, 0x3f, 0xf8, 0x3a,
    0x1, 0xff, 0xd4, 0xa0, 0xf, 0xfe, 0x9, 0x10,
    0x3, 0x30, 0x7, 0xff, 0x9, 0x0, 0x3f, 0xfa,
    0x84, 0x40, 0xf, 0xfe, 0xd, 0x0, 0x6d, 0x0,
    0xff, 0xe0, 0xa8, 0x7, 0xff, 0x59, 0x40, 0x3f,
    0xf8, 0x2c, 0x1, 0xa, 0x0, 0x7f, 0xf0, 0x78,
    0x3, 0xff, 0xad, 0x40, 0x1f, 0xfc, 0x11, 0x30,
    0x3, 0x0, 0x7f, 0xf0, 0x90, 0x3, 0xff, 0xac,
    0x44, 0x0, 0xff, 0xe0, 0xd0, 0x2, 0xc0, 0x3f,
    0xf8, 0x2a, 0x1, 0xff, 0xd8, 0x50, 0xf, 0xfe,
    0xb, 0x81, 0x18, 0x7, 0xff, 0x7, 0xc0, 0x3f,
    0xfb, 0x14, 0x1, 0xff, 0xc1, 0x14,

    /* U+0042 "B" */
    0x26, 0x6f, 0xfe, 0x8a, 0xa9, 0xc, 0x80, 0x3f,
    0xf9, 0x6b, 0x33, 0xff, 0xd1, 0xaa, 0x5e, 0x6f,
    0xf5, 0xc2, 0x8, 0x7, 0xff, 0xa4, 0x51, 0xef,
    0xb1, 0x80, 0x3f, 0xfd, 0x87, 0x3f, 0x2, 0x1,
    0xff, 0xec, 0x7f, 0x50, 0xf, 0xff, 0x60, 0xd5,
    0x0, 0x3f, 0xfd, 0xab, 0x80, 0x1f, 0xfe, 0xd3,
    0xb0, 0xf, 0xff, 0x6a, 0x40, 0x7, 0xff, 0xb5,
    0xc8, 0x3, 0xff, 0xdb, 0x0, 0x1f, 0xfe, 0xd5,
    0x20, 0xf, 0xff, 0x6a, 0x80, 0x7f, 0xf1, 0xeb,
    0xff, 0xff, 0x85, 0xb9, 0x2c, 0x40, 0x1f, 0xfc,
    0x6b, 0x0, 0xff, 0xeb, 0x11, 0xb4, 0xee, 0x94,
    0x3, 0xff, 0x88, 0x60, 0x1f, 0xfd, 0xb2, 0xab,
    0x0, 0xff, 0xe2, 0x10, 0x7, 0xff, 0x71, 0x2c,
    0x3, 0xff, 0x86, 0xc0, 0x1f, 0xfd, 0xd4, 0x70,
    0xf, 0xfe, 0x10, 0x80, 0x7f, 0xf7, 0xa4, 0x3,
    0xff, 0x84, 0x60, 0x1f, 0xfd, 0xe1, 0x30, 0xf,
    0xff, 0x6a, 0x80, 0x7f, 0xf0, 0x4c, 0x3, 0xff,
    0xbe, 0x20, 0x1f, 0xfc, 0x11, 0x0, 0xff, 0xf6,
    0xb0, 0x7, 0xff, 0x7c, 0x80, 0x3f, 0xf8, 0x24,
    0x1, 0xff, 0xdf, 0x70, 0xf, 0xfe, 0x2, 0x0,
    0x7f, 0xf7, 0xc4, 0x80, 0x3f, 0xf8, 0x1a, 0x1,
    0xff, 0xdf, 0x80, 0xf, 0xfe, 0xb, 0x80, 0x7f,
    0xf7, 0x8d, 0x80, 0x3f, 0xf8, 0xa, 0x20, 0x1f,
    0xfd, 0xd3, 0xc0, 0xf, 0xfe, 0xc, 0x0, 0x7f,
    0xf7, 0x6, 0x30, 0x3, 0xff, 0x82, 0xc4, 0x1,
    0xff, 0xd8, 0x13, 0x6a, 0xe7, 0x0, 0xff, 0xe0,
    0x94, 0x80, 0x7f, 0xf2, 0x6b, 0xff, 0xff, 0x87,
    0xd9, 0x2a, 0x1, 0xff, 0xc2, 0x1f, 0x0, 0xff,
    0xf5, 0x96, 0x10, 0x7, 0xff, 0xa9, 0xb0, 0x80,
    0x3f, 0xfd, 0x2b, 0xb2, 0x20, 0x1f, 0xfe, 0x97,
    0x92, 0x0, 0xff, 0xf5, 0xbe, 0x7d, 0x18, 0x7,
    0xff, 0xb1, 0x73, 0x6, 0x1, 0xff, 0xec, 0x3c,
    0x90, 0xf, 0xff, 0x6b, 0x60, 0x80, 0x7f, 0xfb,
    0xf, 0x4, 0x3, 0xff, 0xd8, 0x54, 0x1, 0xff,
    0xc6, 0x8c, 0xcf, 0xfe, 0x25, 0xd5, 0x1d, 0x4c,
    0x3, 0xff, 0x88, 0x8e, 0x1, 0xff, 0xc5, 0x23,
    0x3f, 0xfe, 0x22, 0x2a, 0xa2, 0xb3, 0xa4, 0x80,
    0x3f, 0xf8, 0x50, 0x20, 0x1f, 0xfd, 0xb1, 0x6d,
    0x60, 0xf, 0xfe, 0x14, 0x80, 0x7f, 0xf7, 0xa5,
    0xc0, 0x3f, 0xf8, 0x2c, 0x1, 0xff, 0xdf, 0x83,
    0x0, 0xff, 0xe0, 0xa, 0x80, 0x7f, 0xf7, 0xe4,
    0x3, 0xff, 0x83, 0xa0, 0x1f, 0xfd, 0xf4, 0x0,
    0xff, 0xe0, 0xa0, 0x7, 0xff, 0x7c, 0x44, 0x1,
    0xff, 0xc0, 0x30, 0xf, 0xff, 0x1, 0x80, 0x7f,
    0xfb, 0x44, 0x3, 0xff, 0x82, 0x20, 0x1f, 0xfd,
    0xf1, 0x0, 0xff, 0xe0, 0x98, 0x7, 0xff, 0x7c,
    0xc0, 0x3f, 0xfd, 0x82, 0x20, 0xf, 0xfe, 0x9,
    0x80, 0x7f, 0xf7, 0x90, 0x3, 0xff, 0x84, 0x20,
    0x1f, 0xfd, 0xe9, 0x0, 0xff, 0xe0, 0x90, 0x7,
    0xff, 0x79, 0x8c, 0x3, 0xff, 0x82, 0xc0, 0x1f,
    0xfd, 0xd4, 0x90, 0xf, 0xfe, 0x16, 0x0, 0x7f,
    0xf7, 0x1e, 0xc0, 0x3f, 0xf8, 0x68, 0x1, 0xff,
    0xd9, 0x17, 0xd8, 0x0, 0xff, 0xe1, 0x91, 0x80,
    0x7f, 0xf0, 0xf1, 0x9b, 0xff, 0x88, 0xf1, 0x57,
    0xdc, 0x82, 0x0, 0xff, 0xe2, 0x58, 0x7, 0xff,
    0x11, 0xa6, 0x7f, 0xf8, 0x90, 0xea, 0x82, 0x1,
    0xff, 0xc6, 0x16, 0x0, 0xff, 0xf6, 0x40, 0x7,
    0xff, 0xb0, 0xd8, 0x3, 0xff, 0xd9, 0xc0, 0x1f,
    0xfe, 0xcb, 0x20, 0xf, 0xff, 0x5d, 0x20, 0x7,
    0xff, 0xa8, 0x6d, 0x40, 0x3f, 0xfd, 0x49, 0xe8,
    0x1, 0xff, 0xe9, 0x2a, 0xb1, 0x0, 0xff, 0xf4,
    0x25, 0x6a, 0x80, 0x7f, 0xf9, 0x85, 0x67, 0xad,
    0x40, 0x3f, 0xfc, 0x22, 0x48, 0xb1, 0x5b, 0xd4,
    0xc2, 0x1, 0xff, 0xc2,

    /* U+0043 "C" */
    0x0, 0xff, 0xe7, 0x92, 0xbc, 0xe6, 0xf7, 0x3f,
    0xee, 0xdc, 0xa8, 0x63, 0x0, 0xff, 0xf1, 0xb,
    0x57, 0x6d, 0x43, 0x19, 0x8, 0x80, 0x21, 0x23,
    0x57, 0x9c, 0xfc, 0x83, 0x0, 0xff, 0xee, 0x2d,
    0xf4, 0xa8, 0x80, 0x7f, 0xf1, 0xcd, 0xf3, 0x5c,
    0x40, 0x3f, 0xfa, 0xef, 0xd4, 0x80, 0x1f, 0xfc,
    0xe2, 0x8e, 0x91, 0x0, 0xff, 0xe9, 0xb7, 0x40,
    0x80, 0x7f, 0xf4, 0xdb, 0xa0, 0x3, 0xff, 0xa0,
    0x59, 0x22, 0x1, 0xff, 0xd7, 0x7d, 0x30, 0xf,
    0xfe, 0x6b, 0x69, 0x80, 0x7f, 0xf6, 0x8b, 0x1c,
    0x3, 0xff, 0x97, 0x32, 0x0, 0xff, 0xef, 0x45,
    0x0, 0x7f, 0xf2, 0x6, 0xd8, 0x3, 0xff, 0xc0,
    0xb6, 0x1, 0xff, 0xc7, 0xd4, 0x0, 0xff, 0xf1,
    0x25, 0x80, 0x7f, 0xf1, 0x6c, 0xc0, 0x3f, 0xfc,
    0x89, 0x0, 0x1f, 0xfc, 0x3a, 0x40, 0xf, 0xff,
    0x33, 0xa8, 0x7, 0xff, 0x5, 0x94, 0x3, 0xff,
    0x92, 0x4a, 0xf1, 0x32, 0x87, 0x51, 0x0, 0xff,
    0xe4, 0xd8, 0x80, 0x7f, 0xc5, 0x20, 0x1f, 0xfc,
    0x75, 0xbf, 0xda, 0x87, 0x66, 0x3c, 0x57, 0x72,
    0x4c, 0x3, 0xff, 0x8c, 0x36, 0x1, 0xff, 0x78,
    0x7, 0xff, 0x1a, 0x3e, 0x90, 0x3, 0xfe, 0x16,
    0xcd, 0x40, 0xf, 0xfe, 0x2a, 0x98, 0x7, 0xf3,
    0x90, 0x7, 0xff, 0x11, 0x79, 0xc0, 0x3f, 0xf8,
    0xa5, 0x76, 0x10, 0xf, 0xfe, 0x24, 0x0, 0x7e,
    0x18, 0x0, 0xff, 0xe2, 0x45, 0x8, 0x7, 0xff,
    0x21, 0x30, 0x80, 0x3f, 0xf8, 0x68, 0x40, 0x1f,
    0x40, 0x7, 0xff, 0x12, 0xdc, 0x3, 0xff, 0x96,
    0x58, 0x40, 0x1f, 0xfc, 0x38, 0x0, 0xf0, 0xb0,
    0x7, 0xff, 0xe, 0x90, 0x3, 0xff, 0x9a, 0x3c,
    0x1, 0xff, 0xc3, 0x50, 0xf, 0x48, 0x7, 0xff,
    0xe, 0x14, 0x3, 0xff, 0x9e, 0x70, 0x1, 0xff,
    0xc3, 0x40, 0xe, 0x70, 0xf, 0xfe, 0x11, 0xb8,
    0x7, 0xff, 0x45, 0xc4, 0x3, 0xff, 0x85, 0xa0,
    0x19, 0x40, 0x3f, 0xf8, 0x7c, 0x1, 0xff, 0xd3,
    0x60, 0xf, 0xfe, 0x12, 0x0, 0x6e, 0x0, 0xff,
    0xe1, 0x39, 0x0, 0x7f, 0xf4, 0xec, 0x3, 0xff,
    0x84, 0x40, 0x10, 0xa0, 0x7, 0xff, 0xa, 0x40,
    0x3f, 0xfa, 0x86, 0x20, 0x1f, 0xfc, 0x23, 0x0,
    0x20, 0x7, 0xff, 0x9, 0x84, 0x3, 0xff, 0xab,
    0xb7, 0x7f, 0xfc, 0x22, 0x0, 0x78, 0x7, 0xff,
    0xa, 0x80, 0x3f, 0xfa, 0xc6, 0x89, 0xff, 0xc2,
    0x10, 0x2, 0x0, 0x7f, 0xf0, 0x48, 0xc0, 0x3f,
    0xfc, 0xe4, 0x20, 0x1f, 0xfc, 0x15, 0x0, 0xff,
    0xf4, 0x38, 0x7, 0xff, 0xb, 0x0, 0x3f, 0xfd,
    0x1a, 0x1, 0xff, 0xc2, 0x40, 0xf, 0xff, 0x41,
    0x80, 0x7f, 0xf0, 0x4c, 0x3, 0xff, 0xd2, 0xc0,
    0x1f, 0xfc, 0x16, 0x0, 0xff, 0xf4, 0x98, 0x7,
    0xff, 0x4, 0x80, 0x3f, 0xfd, 0x22, 0x1, 0xff,
    0xc1, 0xe0, 0xf, 0xff, 0x41, 0x0, 0x7f, 0xf0,
    0x88, 0x3, 0xff, 0xee, 0xe0, 0x1f, 0xfe, 0x81,
    0x0, 0xff, 0xff, 0x80, 0x7c, 0x20, 0x1f, 0xff,
    0xf0, 0xf, 0xff, 0x80, 0x80, 0x7f, 0xfa, 0x4,
    0x3, 0xff, 0xee, 0x60, 0x1f, 0xfc, 0x27, 0x0,
    0xff, 0xf4, 0x8, 0x7, 0xff, 0x8, 0x80, 0x3f,
    0xfd, 0x22, 0x1, 0xff, 0xc1, 0xe0, 0xf, 0xff,
    0x49, 0x0, 0x7f, 0xf0, 0x48, 0x3, 0xff, 0xd2,
    0xc0, 0x1f, 0xfc, 0x17, 0x0, 0xff, 0xf4, 0x90,
    0x7, 0xff, 0x4, 0x84, 0x3, 0xff, 0xd1, 0xa0,
    0x1f, 0xfc, 0x25, 0x0, 0xff, 0xf4, 0x20, 0x7,
    0xff, 0xb, 0x0, 0x3f, 0xfd, 0x2, 0x20, 0xf,
    0xfe, 0xb, 0x0, 0x7f, 0xfa, 0x5c, 0x3, 0xff,
    0x82, 0x26, 0x1, 0xff, 0xd6, 0x12, 0x2f, 0xfe,
    0x10, 0x5, 0x80, 0x1f, 0xfc, 0x2a, 0x0, 0xff,
    0xeb, 0x66, 0xef, 0xff, 0x9, 0x0, 0x8, 0x1,
    0xff, 0xc2, 0x61, 0x0, 0xff, 0xea, 0x9, 0x0,
    0x7f, 0xf0, 0x94, 0x0, 0x28, 0x1, 0xff, 0xc2,
    0x80, 0xf, 0xfe, 0xa2, 0x0, 0x7f, 0xf0, 0x84,
    0x40, 0x17, 0x0, 0x7f, 0xf0, 0x98, 0x80, 0x3f,
    0xfa, 0x7c, 0x1, 0xff, 0xc2, 0x40, 0xc, 0xa0,
    0x1f, 0xfc, 0x3e, 0x0, 0xff, 0xe9, 0x12, 0x0,
    0x7f, 0xf0, 0xb0, 0x3, 0x9c, 0x3, 0xff, 0x84,
    0x6e, 0x1, 0xff, 0xd1, 0x80, 0xf, 0xfe, 0x1b,
    0x80, 0x74, 0x80, 0x7f, 0xf0, 0xe1, 0x40, 0x3f,
    0xf9, 0xe8, 0xa0, 0x1f, 0xfc, 0x23, 0x10, 0xe,
    0x16, 0x0, 0xff, 0xe1, 0xd2, 0x0, 0x7f, 0xf3,
    0x46, 0x80, 0x3f, 0xf8, 0x74, 0x1, 0xf4, 0x0,
    0x7f, 0xf1, 0x2d, 0xc0, 0x3f, 0xf9, 0x65, 0xe2,
    0x1, 0xff, 0xc2, 0x16, 0x0, 0xf8, 0x60, 0x3,
    0xff, 0x89, 0x14, 0x20, 0x1f, 0xfc, 0x85, 0xc1,
    0x0, 0xff, 0xe1, 0xb0, 0x7, 0xf3, 0x90, 0x7,
    0xff, 0x11, 0x79, 0xc0, 0x3f, 0xf8, 0xa5, 0x74,
    0x20, 0x1f, 0xfc, 0x31, 0x90, 0xf, 0xf7, 0x0,
    0x7f, 0xf1, 0xa3, 0xe5, 0x0, 0x3f, 0xe1, 0x6c,
    0xd4, 0x0, 0xff, 0xe2, 0xc0, 0x80, 0x7f, 0x8e,
    0x40, 0x3f, 0xf8, 0xed, 0x7f, 0x93, 0xe, 0xcc,
    0x78, 0xad, 0xe9, 0x30, 0xf, 0xfe, 0x31, 0xb0,
    0x7, 0xff, 0x1, 0x94, 0x3, 0xff, 0x92, 0x6c,
    0xf1, 0x32, 0x87, 0x52, 0x0, 0xff, 0xe4, 0xf0,
    0x7, 0xff, 0xa, 0x90, 0x3, 0xff, 0xcd, 0x44,
    0x1, 0xff, 0xc3, 0xb3, 0x0, 0xff, 0xf2, 0x42,
    0x80, 0x7f, 0xf1, 0x74, 0xc0, 0x3f, 0xfc, 0x4e,
    0xe0, 0xf, 0xfe, 0x30, 0xe2, 0x80, 0x7f, 0xf8,
    0x22, 0x0, 0x1f, 0xfc, 0x9a, 0x90, 0xf, 0xfe,
    0xf4, 0xb8, 0x7, 0xff, 0x2d, 0xb4, 0xc0, 0x3f,
    0xfb, 0x45, 0xac, 0x1, 0xff, 0xcd, 0x2c, 0x91,
    0x0, 0xff, 0xeb, 0xbe, 0x90, 0x7, 0xff, 0x41,
    0xba, 0x4, 0x3, 0xff, 0xa6, 0xdb, 0x0, 0x1f,
    0xfd, 0x47, 0xea, 0x40, 0xf, 0xfe, 0x70, 0xbf,
    0x49, 0x0, 0x7f, 0xf5, 0xd6, 0xfa, 0x54, 0x40,
    0x3f, 0xf8, 0xe6, 0xf9, 0xd0, 0x20, 0x1f, 0xfd,
    0xb1, 0x6a, 0xed, 0xa8, 0x63, 0x21, 0x10, 0x4,
    0x22, 0x34, 0x69, 0xce, 0xc8, 0x30, 0xf, 0xfe,
    0x38,

    /* U+0044 "D" */
    0x26, 0x6f, 0xfe, 0x4a, 0xa9, 0x10, 0x62, 0x1,
    0xff, 0xd5, 0x59, 0x9f, 0xfe, 0x4d, 0x52, 0xed,
    0x9d, 0xfd, 0x92, 0xc6, 0x1, 0xff, 0xec, 0x13,
    0x69, 0xcf, 0xc7, 0x30, 0xf, 0xff, 0x71, 0xc6,
    0x73, 0x88, 0x7, 0xff, 0xb8, 0x63, 0xac, 0xc0,
    0x3f, 0xfd, 0xe9, 0x94, 0x40, 0x1f, 0xfe, 0xf5,
    0xd8, 0x0, 0xff, 0xf8, 0x3e, 0x98, 0x7, 0xff,
    0xbc, 0xb1, 0x40, 0x3f, 0xfe, 0x14, 0xe0, 0x1f,
    0xff, 0x8, 0x90, 0xf, 0xff, 0x83, 0x40, 0x7,
    0xff, 0xc1, 0xd8, 0x3, 0xff, 0x95, 0x5f, 0xff,
    0xbb, 0x72, 0xa1, 0x88, 0x3, 0xff, 0x95, 0x26,
    0x1, 0xff, 0xd2, 0x12, 0x35, 0x79, 0xde, 0xa4,
    0x0, 0xff, 0xe4, 0x70, 0x7, 0xff, 0x64, 0x56,
    0xfa, 0x0, 0x3f, 0xf8, 0xc5, 0x20, 0x1f, 0xfd,
    0xb1, 0x7e, 0x60, 0xf, 0xfe, 0x2b, 0x18, 0x7,
    0xff, 0x70, 0x67, 0x4, 0x3, 0xff, 0x89, 0x0,
    0x1f, 0xfd, 0xe3, 0xf4, 0x0, 0xff, 0xe1, 0xa2,
    0x0, 0x3f, 0xfb, 0xc3, 0x66, 0x1, 0xff, 0xc3,
    0xf0, 0xf, 0xff, 0x6, 0x18, 0x7, 0xff, 0x9,
    0x8, 0x3, 0xff, 0xc1, 0xc0, 0x1f, 0xfc, 0x3b,
    0x0, 0xff, 0xf0, 0x14, 0x80, 0x7f, 0xf0, 0x9c,
    0x3, 0xff, 0xc2, 0xc6, 0x1, 0xff, 0xc1, 0x13,
    0x0, 0xff, 0xf0, 0xc0, 0x7, 0xff, 0xa, 0xc0,
    0x3f, 0xfc, 0x28, 0x60, 0x1f, 0xfc, 0x14, 0x0,
    0xff, 0xf1, 0x50, 0x7, 0xff, 0x4, 0xc0, 0x3f,
    0xfc, 0x4e, 0x1, 0xff, 0xc2, 0x30, 0xf, 0xff,
    0x8, 0x98, 0x7, 0xff, 0x5, 0x40, 0x3f, 0xfc,
    0x56, 0x1, 0xff, 0xc1, 0xf0, 0xf, 0xff, 0x11,
    0x0, 0x7f, 0xf0, 0x48, 0x3, 0xff, 0xc4, 0xe0,
    0x1f, 0xfc, 0x17, 0x0, 0xff, 0xf1, 0x10, 0x7,
    0xff, 0x4, 0x80, 0x3f, 0xfc, 0x62, 0x1, 0xff,
    0xc0, 0x10, 0xf, 0xff, 0x19, 0x80, 0x7f, 0xfc,
    0x4, 0x3, 0xff, 0x82, 0x20, 0x1f, 0xfe, 0x27,
    0x0, 0xff, 0xff, 0x18, 0x7, 0xff, 0xc0, 0xc0,
    0x3f, 0xfc, 0x4e, 0x1, 0xff, 0xc1, 0x10, 0xf,
    0xff, 0x10, 0x80, 0x7f, 0xfc, 0xc, 0x3, 0xff,
    0xe0, 0x20, 0x1f, 0xfc, 0x1, 0x0, 0xff, 0xf1,
    0x10, 0x7, 0xff, 0x4, 0x80, 0x3f, 0xfc, 0x4e,
    0x1, 0xff, 0xc1, 0x60, 0xf, 0xff, 0x11, 0x0,
    0x7f, 0xf0, 0x48, 0x3, 0xff, 0xc5, 0x60, 0x1f,
    0xfc, 0x1d, 0x0, 0xff, 0xf0, 0x89, 0x80, 0x7f,
    0xf0, 0x5c, 0x3, 0xff, 0xc2, 0x80, 0x1f, 0xfc,
    0x11, 0x20, 0xf, 0xff, 0xc, 0x80, 0x7f, 0xf0,
    0x54, 0x3, 0xff, 0xc2, 0x66, 0x0, 0xff, 0xe0,
    0xe8, 0x7, 0xff, 0x86, 0x0, 0x3f, 0xf8, 0x4e,
    0x1, 0xff, 0xe0, 0x54, 0x0, 0xff, 0xe0, 0x98,
    0x80, 0x7f, 0xf7, 0xc6, 0xc0, 0x3f, 0xf8, 0x54,
    0x1, 0xff, 0xe0, 0xd1, 0x0, 0xff, 0xe1, 0x30,
    0x7, 0xff, 0x7e, 0xcc, 0x3, 0xff, 0x84, 0xc0,
    0x1f, 0xfd, 0xe1, 0xb4, 0x0, 0xff, 0xe1, 0xd8,
    0x7, 0xff, 0x74, 0xfd, 0x0, 0x3f, 0xf8, 0x6e,
    0x40, 0x1f, 0xfd, 0xb2, 0xac, 0x10, 0xf, 0xfe,
    0x18, 0xc0, 0x7, 0xff, 0x69, 0x2b, 0x54, 0x3,
    0xff, 0x8b, 0x60, 0x1f, 0xfd, 0x72, 0x6a, 0xeb,
    0x50, 0xf, 0xfe, 0x32, 0xa8, 0x3, 0xff, 0x91,
    0x8c, 0xdf, 0x9d, 0xd1, 0x59, 0xfb, 0x2a, 0x20,
    0x1f, 0xfc, 0x72, 0xa0, 0xf, 0xfe, 0x4b, 0x4c,
    0xfe, 0x88, 0x3a, 0x98, 0x7, 0xff, 0x2c, 0x7c,
    0x3, 0xff, 0xdf, 0xa4, 0x1, 0xff, 0xee, 0xb3,
    0x0, 0xff, 0xf6, 0x8e, 0xa0, 0x7, 0xff, 0xb4,
    0xfc, 0x80, 0x3f, 0xfd, 0xb1, 0x82, 0x1, 0xff,
    0xec, 0x3d, 0x70, 0xf, 0xff, 0x61, 0x5e, 0x10,
    0x7, 0xff, 0xad, 0x2b, 0x50, 0x3, 0xff, 0xd4,
    0x4f, 0xd6, 0xa0, 0x1f, 0xfe, 0x82, 0x59, 0xed,
    0x81, 0x0, 0xff, 0xf0, 0x88, 0x89, 0x15, 0xe7,
    0x3f, 0x69, 0x84, 0x3, 0xff, 0x98,

    /* U+0045 "E" */
    0x26, 0x6f, 0xff, 0x21, 0x2c, 0xcf, 0xff, 0x91,
    0x0, 0x3f, 0xff, 0xe0, 0x1f, 0xff, 0xf0, 0xf,
    0xff, 0xf8, 0x7, 0xff, 0xfc, 0x3, 0xff, 0xfe,
    0x1, 0xff, 0xff, 0x0, 0xff, 0xff, 0x80, 0x7f,
    0xf6, 0xeb, 0xff, 0xff, 0xac, 0xc0, 0x1f, 0xff,
    0xf0, 0xf, 0xff, 0xf8, 0x7, 0xff, 0xfc, 0x3,
    0xff, 0xfe, 0x1, 0xff, 0xff, 0x0, 0xff, 0xff,
    0x80, 0x7f, 0xff, 0xc0, 0x3f, 0xff, 0xe0, 0x1f,
    0xff, 0xf0, 0xf, 0xff, 0xf8, 0x7, 0xff, 0xfc,
    0x3, 0xff, 0xb7, 0x5f, 0xff, 0xfd, 0x2c, 0x0,
    0xff, 0xff, 0x80, 0x7f, 0xff, 0xc0, 0x3f, 0xff,
    0xe0, 0x1f, 0xff, 0xf0, 0xf, 0xff, 0xf8, 0x7,
    0xff, 0xfc, 0x3, 0xff, 0xfe, 0x1, 0xff, 0xdf,
    0x7b, 0xbf, 0xfe, 0x97, 0x80, 0x7f, 0xf1, 0xb5,
    0x13, 0xff, 0xa4, 0x60, 0x1f, 0xff, 0xf0, 0xf,
    0xff, 0xf8, 0x7, 0xff, 0xfc, 0x3, 0xff, 0xfe,
    0x1, 0xff, 0xff, 0x0, 0xff, 0xff, 0x80, 0x7f,
    0xff, 0xc0, 0x3f, 0xff, 0xe0, 0x1f, 0xff, 0xf0,
    0xf, 0xff, 0xf8, 0x7, 0xff, 0xe3, 0x19, 0xbf,
    0xfa, 0xc4, 0x1, 0xff, 0xc2, 0x69, 0x9f, 0xfe,
    0xb2, 0x0, 0x7f, 0xff, 0xc0, 0x3f, 0xff, 0xe0,
    0x1f, 0xff, 0xf0, 0xf, 0xff, 0xf8, 0x7, 0xff,
    0xfc, 0x3, 0xff, 0xfe, 0x1, 0xff, 0xff, 0x0,
    0xff, 0xe6, 0x80,

    /* U+0046 "F" */
    0x7f, 0xff, 0xff, 0x23, 0x0, 0x7f, 0xff, 0xc0,
    0x3f, 0xff, 0xe0, 0x1f, 0xff, 0xf0, 0xf, 0xff,
    0xf8, 0x7, 0xff, 0xfc, 0x3, 0xff, 0xfe, 0x1,
    0xff, 0xff, 0x0, 0xff, 0xed, 0xb4, 0xcf, 0xff,
    0x59, 0x0, 0x3f, 0xf8, 0x58, 0xcd, 0xff, 0xd6,
    0x20, 0xf, 0xff, 0xf8, 0x7, 0xff, 0xfc, 0x3,
    0xff, 0xfe, 0x1, 0xff, 0xff, 0x0, 0xff, 0xff,
    0x80, 0x7f, 0xff, 0xc0, 0x3f, 0xff, 0xe0, 0x1f,
    0xff, 0xf0, 0xf, 0xff, 0xf8, 0x7, 0xff, 0xfc,
    0x3, 0xff, 0xe9, 0xa8, 0x9f, 0xfd, 0x23, 0x0,
    0xff, 0xe3, 0x3d, 0xdf, 0xff, 0x4b, 0xc0, 0x3f,
    0xff, 0xe0, 0x1f, 0xff, 0xf0, 0xf, 0xff, 0xf8,
    0x7, 0xff, 0xfc, 0x3, 0xff, 0xfe, 0x1, 0xff,
    0xff, 0x0, 0xff, 0xff, 0x80, 0x7f, 0xf7, 0xeb,
    0xff, 0xff, 0xa5, 0x80, 0x1f, 0xff, 0xf0, 0xf,
    0xff, 0xf8, 0x7, 0xff, 0xfc, 0x3, 0xff, 0xfe,
    0x1, 0xff, 0xff, 0x0, 0xff, 0xff, 0x80, 0x7f,
    0xff, 0xc0, 0x3f, 0xff, 0xe0, 0x1f, 0xff, 0xf0,
    0xf, 0xff, 0xf8, 0x7, 0xff, 0xfc, 0x3, 0xff,
    0xfe, 0x1, 0xff, 0xff, 0x0, 0xff, 0xff, 0x80,
    0x7f, 0xff, 0xc0, 0x3f, 0xff, 0xe0, 0x1f, 0xff,
    0xf0, 0xf, 0xff, 0xf8, 0x7, 0xff, 0xfc, 0x3,
    0xff, 0xa2, 0x8e, 0xff, 0xfc, 0x20, 0xf, 0xfe,
    0xb8,

    /* U+0047 "G" */
    0x0, 0xff, 0xe7, 0x92, 0xbc, 0xde, 0xeb, 0xbf,
    0xee, 0xe6, 0xdd, 0x42, 0x90, 0x7, 0xff, 0x90,
    0x5a, 0xbb, 0x6a, 0x19, 0x8, 0x82, 0x1, 0x8,
    0x89, 0x15, 0xeb, 0x7e, 0xdc, 0xc0, 0x3f, 0xfb,
    0xcb, 0x7d, 0x2a, 0x20, 0x1f, 0xfc, 0x84, 0x8c,
    0xd8, 0x10, 0xf, 0xfe, 0xcb, 0x75, 0x20, 0x7,
    0xff, 0x3c, 0x9f, 0xa8, 0x80, 0x3f, 0xfa, 0xab,
    0xb2, 0x20, 0x1f, 0xfd, 0x45, 0xd9, 0x10, 0xf,
    0xfe, 0x89, 0x5d, 0x10, 0x7, 0xff, 0x61, 0xb9,
    0x40, 0x3f, 0xf9, 0xed, 0xa8, 0x1, 0xff, 0xdc,
    0xaa, 0x0, 0x7f, 0xf3, 0x66, 0x40, 0x1f, 0xfd,
    0xf5, 0xc1, 0x0, 0xff, 0xe5, 0x5b, 0x0, 0x7f,
    0xf8, 0x4f, 0xc8, 0x3, 0xff, 0x91, 0x88, 0x1,
    0xff, 0xe3, 0x1c, 0x10, 0xf, 0xfe, 0x35, 0x98,
    0x7, 0xff, 0x94, 0x70, 0x40, 0x3f, 0xf8, 0x94,
    0x80, 0x1f, 0xfe, 0x72, 0xa0, 0xf, 0xfe, 0x1b,
    0x28, 0x7, 0xff, 0x24, 0x51, 0x9e, 0x26, 0x1d,
    0x90, 0x40, 0x3f, 0xf9, 0x29, 0x0, 0x1f, 0xfc,
    0x13, 0x90, 0xf, 0xfe, 0x39, 0xce, 0xf5, 0xcc,
    0x3b, 0x3c, 0x4d, 0xf7, 0x29, 0x0, 0x3f, 0xf8,
    0xee, 0x60, 0x1f, 0xfc, 0xe, 0x0, 0xff, 0xe3,
    0x2e, 0xe3, 0x10, 0x7, 0xfc, 0x2b, 0x7c, 0xc0,
    0x1f, 0xfc, 0x6e, 0x0, 0xff, 0x9c, 0x80, 0x3f,
    0xf8, 0x85, 0x74, 0x40, 0x1f, 0xfc, 0x51, 0x9d,
    0x30, 0xf, 0xfe, 0x21, 0x30, 0x7, 0xf0, 0xc0,
    0x7, 0xff, 0x11, 0x35, 0x0, 0x3f, 0xf9, 0x25,
    0x8a, 0x1, 0xff, 0xc4, 0x80, 0xf, 0xe8, 0x0,
    0xff, 0xe2, 0x35, 0x80, 0x7f, 0xf3, 0x69, 0x80,
    0x3f, 0xf8, 0x62, 0xc0, 0x1f, 0xb, 0x0, 0x7f,
    0xf0, 0xda, 0x40, 0x3f, 0xf9, 0xf2, 0x80, 0x1f,
    0xfc, 0x3b, 0x0, 0xfa, 0x40, 0x3f, 0xf8, 0x69,
    0x20, 0x1f, 0xfd, 0x1b, 0x20, 0xf, 0xfe, 0x11,
    0x20, 0x7, 0x9c, 0x3, 0xff, 0x84, 0x34, 0x1,
    0xff, 0xd3, 0x90, 0xf, 0xfe, 0x1e, 0x80, 0x72,
    0x80, 0x7f, 0xf0, 0xec, 0x40, 0x3f, 0xfa, 0x68,
    0x80, 0xf, 0xfe, 0x13, 0x80, 0x77, 0x0, 0x7f,
    0xf0, 0x91, 0x40, 0x3f, 0xfa, 0xbe, 0x1, 0xff,
    0xc2, 0x13, 0x0, 0x85, 0x0, 0x3f, 0xf8, 0x50,
    0x1, 0xff, 0xd6, 0x42, 0x0, 0xff, 0xe1, 0x20,
    0x4, 0x80, 0x1f, 0xfc, 0x24, 0x30, 0xf, 0xfe,
    0xbf, 0x4c, 0xff, 0xf0, 0x8c, 0x2, 0xf0, 0xf,
    0xfe, 0x17, 0x80, 0x7f, 0xf6, 0xd, 0x9b, 0xff,
    0x84, 0x80, 0x12, 0x0, 0x7f, 0xf0, 0x45, 0x0,
    0x3f, 0xfd, 0x44, 0x20, 0x1f, 0xfc, 0x17, 0x0,
    0xff, 0xf5, 0xb8, 0x7, 0xff, 0xb, 0x0, 0x3f,
    0xfd, 0x7a, 0x1, 0xff, 0xc2, 0x40, 0xf, 0xff,
    0x59, 0x80, 0x7f, 0xf0, 0x48, 0x40, 0x3f, 0xfd,
    0x6c, 0x1, 0xff, 0xc1, 0x70, 0xf, 0xff, 0x61,
    0x80, 0x7f, 0xf0, 0x48, 0x3, 0xff, 0xd8, 0x20,
    0x1f, 0xfc, 0x1e, 0x0, 0xff, 0xf5, 0x90, 0x7,
    0xff, 0x8, 0x80, 0x3f, 0xff, 0x4e, 0x1, 0xff,
    0xcc, 0x9f, 0xff, 0xfe, 0x8a, 0x88, 0x7, 0xff,
    0xfc, 0x3, 0xfc, 0x20, 0x1f, 0xff, 0xf0, 0xf,
    0xff, 0xb0, 0x80, 0x7f, 0xfa, 0xc4, 0x3, 0xff,
    0x84, 0xe0, 0x1f, 0xfe, 0xb3, 0x0, 0xff, 0xfd,
    0x8, 0x7, 0xff, 0x8, 0xc0, 0x3f, 0xfd, 0x82,
    0x1, 0xff, 0xc1, 0xe0, 0xf, 0xff, 0x61, 0x80,
    0x7f, 0xf0, 0x48, 0x3, 0xff, 0xd8, 0xe0, 0x1f,
    0xfc, 0x15, 0x0, 0xff, 0xf6, 0x10, 0x7, 0xff,
    0x4, 0x48, 0x3, 0xff, 0x97, 0xb3, 0x3f, 0xfc,
    0x35, 0x0, 0xff, 0xe1, 0xe8, 0x7, 0xff, 0x9,
    0x0, 0x3f, 0xf9, 0x68, 0xcd, 0xff, 0xc3, 0xd0,
    0xf, 0xfe, 0x1b, 0x80, 0x7f, 0xf0, 0xb4, 0x3,
    0xff, 0xb7, 0xe0, 0x1f, 0xfc, 0x32, 0x10, 0xf,
    0xfe, 0xa, 0x8, 0x7, 0xff, 0x68, 0x80, 0x3f,
    0xf8, 0x88, 0x1, 0xff, 0xc2, 0x70, 0xf, 0xfe,
    0xd3, 0x80, 0x7f, 0xf1, 0x3c, 0x3, 0xff, 0x85,
    0x60, 0x1f, 0xfd, 0xa2, 0x0, 0xff, 0xe2, 0x20,
    0x7, 0xff, 0x8, 0x94, 0x3, 0xff, 0xb0, 0xa0,
    0x1f, 0xfc, 0x51, 0x40, 0xf, 0xfe, 0x14, 0x0,
    0x7f, 0xf6, 0x3c, 0x3, 0xff, 0x8d, 0xc0, 0x1f,
    0xfc, 0x22, 0x80, 0xf, 0xfe, 0xb0, 0xa8, 0x7,
    0xff, 0x19, 0x40, 0x3f, 0xf8, 0x6e, 0x60, 0x1f,
    0xfd, 0x58, 0x0, 0xff, 0xe4, 0x38, 0x7, 0xff,
    0xf, 0x84, 0x3, 0xff, 0xa6, 0x6c, 0x1, 0xff,
    0xc8, 0x90, 0xf, 0xfe, 0x19, 0x60, 0x80, 0x7f,
    0xf4, 0x47, 0x80, 0x3f, 0xf9, 0x22, 0xc0, 0x1f,
    0xfc, 0x32, 0xd1, 0x0, 0xff, 0xe8, 0x69, 0x0,
    0x7f, 0xf2, 0xa0, 0x3, 0xff, 0x88, 0x7e, 0x60,
    0x1f, 0xfc, 0xd2, 0xc3, 0x0, 0xff, 0xe5, 0x8c,
    0x0, 0x7f, 0xf1, 0x7, 0x20, 0x3, 0xff, 0x96,
    0xb8, 0x60, 0x1f, 0xfc, 0xd7, 0x20, 0xf, 0xfe,
    0x2b, 0xf3, 0x0, 0x7f, 0xf1, 0xd3, 0x28, 0x40,
    0x3f, 0xf9, 0xfc, 0x1, 0xff, 0xc6, 0x19, 0xfa,
    0x41, 0x0, 0xff, 0xe0, 0x1c, 0x6d, 0x98, 0x7,
    0xff, 0x44, 0xe4, 0x3, 0xff, 0x90, 0xb7, 0xdb,
    0x50, 0xec, 0xda, 0x2b, 0x3f, 0x1c, 0x80, 0x3f,
    0xfa, 0x8c, 0xa0, 0x1f, 0xfc, 0xa2, 0x57, 0x89,
    0x9c, 0xea, 0x60, 0x1f, 0xfd, 0x9a, 0x40, 0xf,
    0xff, 0xd5, 0x98, 0x7, 0xff, 0x84, 0x80, 0x3f,
    0xf9, 0x9a, 0x80, 0x1f, 0xfd, 0xf2, 0x90, 0xf,
    0xfe, 0x60, 0xdb, 0x0, 0x7f, 0xf7, 0x47, 0xdc,
    0x3, 0xff, 0x9d, 0x32, 0x0, 0xff, 0xed, 0x8e,
    0x90, 0x7, 0xff, 0x41, 0xb4, 0xc0, 0x3f, 0xfb,
    0x5, 0x86, 0x1, 0xff, 0xd2, 0x2c, 0x91, 0x0,
    0xff, 0xea, 0xae, 0x10, 0x7, 0xff, 0x55, 0xba,
    0x44, 0x3, 0xff, 0xa2, 0x57, 0x42, 0x1, 0xff,
    0xd8, 0x6e, 0xa4, 0x0, 0xff, 0xe6, 0x9d, 0x6a,
    0x0, 0x7f, 0xf7, 0x16, 0xfa, 0x54, 0x40, 0x3f,
    0xf8, 0xc9, 0x1b, 0x8a, 0x1, 0xf0, 0xaa, 0xff,
    0xf0, 0x18, 0x3, 0xff, 0x96, 0x2d, 0x5d, 0xb5,
    0xc, 0x84, 0x22, 0x0, 0x84, 0x91, 0xa7, 0x3e,
    0xdc, 0x80, 0x3f, 0x8a, 0xab, 0xff, 0x80, 0x60,

    /* U+0048 "H" */
    0x13, 0x3f, 0xfe, 0x8, 0x80, 0x7f, 0xf4, 0xcc,
    0xff, 0xf8, 0x24, 0xd9, 0x9f, 0xfc, 0x14, 0x0,
    0xff, 0xe9, 0x26, 0x67, 0xff, 0x6, 0xc0, 0x3f,
    0xff, 0xe0, 0x1f, 0xff, 0xf0, 0xf, 0xff, 0xf8,
    0x7, 0xff, 0xfc, 0x3, 0xff, 0xfe, 0x1, 0xff,
    0xff, 0x0, 0xff, 0xff, 0x80, 0x7f, 0xff, 0xc0,
    0x3f, 0xff, 0xe0, 0x1f, 0xff, 0xf0, 0xf, 0xff,
    0xf8, 0x7, 0xff, 0xfc, 0x3, 0xff, 0xfe, 0x1,
    0xff, 0xff, 0x0, 0xff, 0xff, 0x80, 0x7f, 0xff,
    0xc0, 0x3f, 0xff, 0xe0, 0x1f, 0xff, 0xf0, 0xf,
    0xff, 0xf8, 0x7, 0xff, 0xfc, 0x3, 0xff, 0xfe,
    0x1, 0xff, 0xff, 0x0, 0xff, 0xff, 0x80, 0x7f,
    0xf4, 0x6b, 0xff, 0xff, 0xa5, 0x60, 0x1f, 0xff,
    0xf0, 0xf, 0xff, 0xf8, 0x7, 0xff, 0xfc, 0x3,
    0xff, 0xfe, 0x1, 0xff, 0xff, 0x0, 0xff, 0xff,
    0x80, 0x7f, 0xff, 0xc0, 0x3f, 0xff, 0xe0, 0x1f,
    0xff, 0xf0, 0xf, 0xfe, 0xb, 0x4c, 0xff, 0xf4,
    0x9c, 0x3, 0xff, 0xa1, 0x8c, 0xdf, 0xfd, 0x2c,
    0x0, 0xff, 0xff, 0x80, 0x7f, 0xff, 0xc0, 0x3f,
    0xff, 0xe0, 0x1f, 0xff, 0xf0, 0xf, 0xff, 0xf8,
    0x7, 0xff, 0xfc, 0x3, 0xff, 0xfe, 0x1, 0xff,
    0xff, 0x0, 0xff, 0xff, 0x80, 0x7f, 0xff, 0xc0,
    0x3f, 0xff, 0xe0, 0x1f, 0xff, 0xf0, 0xf, 0xff,
    0xf8, 0x7, 0xff, 0xfc, 0x3, 0xff, 0xfe, 0x1,
    0xff, 0xff, 0x0, 0xff, 0xff, 0x80, 0x7f, 0xff,
    0xc0, 0x3f, 0xff, 0xe0, 0x1f, 0xff, 0xf0, 0xf,
    0xff, 0xf8, 0x7, 0xff, 0xfc, 0x3, 0xff, 0xfe,
    0x1, 0xff, 0xd1,

    /* U+0049 "I" */
    0x13, 0x3f, 0xfe, 0x8, 0xb6, 0x67, 0xff, 0x5,
    0x0, 0x3f, 0xff, 0xe0, 0x1f, 0xff, 0xf0, 0xf,
    0xff, 0xf8, 0x7, 0xff, 0xfc, 0x3, 0xff, 0xfe,
    0x1, 0xff, 0xff, 0x0, 0xff, 0xff, 0x80, 0x7f,
    0xff, 0xc0, 0x3f, 0xff, 0xe0, 0x1f, 0xff, 0xf0,
    0xf, 0xff, 0xf8, 0x7, 0xff, 0xfc, 0x3, 0xff,
    0xfe, 0x1, 0xff, 0xff, 0x0, 0xff, 0xe9, 0x0,

    /* U+004A "J" */
    0x0, 0xff, 0xe2, 0x17, 0xff, 0xff, 0x6, 0xc0,
    0x3f, 0xff, 0xe0, 0x1f, 0xff, 0xf0, 0xf, 0xff,
    0xf8, 0x7, 0xff, 0xfc, 0x3, 0xff, 0xfe, 0x1,
    0xff, 0xff, 0x0, 0xff, 0xff, 0x80, 0x7f, 0xff,
    0xc0, 0x3f, 0xff, 0xe0, 0x1f, 0xff, 0xf0, 0xf,
    0xff, 0xf8, 0x7, 0xff, 0xfc, 0x3, 0xff, 0xfe,
    0x1, 0xff, 0xff, 0x0, 0xff, 0xff, 0x80, 0x7f,
    0xff, 0xc0, 0x3f, 0xff, 0xe0, 0x1f, 0xff, 0xf0,
    0xf, 0xff, 0xf8, 0x7, 0xff, 0xfc, 0x3, 0xff,
    0xfe, 0x1, 0xff, 0xf7, 0x10, 0xf, 0xfe, 0x20,
    0x80, 0x7f, 0xf4, 0x98, 0x3, 0xff, 0x82, 0x60,
    0x1f, 0xfc, 0x4c, 0x0, 0xff, 0xe8, 0x8b, 0x0,
    0x7f, 0xf0, 0x78, 0x3, 0xff, 0x87, 0x40, 0x1f,
    0xfc, 0x22, 0x0, 0xff, 0xe0, 0x9e, 0x20, 0x7,
    0xff, 0x9, 0x95, 0x9b, 0xf9, 0xe7, 0x70, 0xc0,
    0x3f, 0xf8, 0x67, 0x53, 0x3f, 0xd0, 0xc4, 0x1,
    0xff, 0xc4, 0x30, 0xf, 0xfe, 0x92, 0x0, 0x7f,
    0xf4, 0xa8, 0x3, 0xff, 0xa2, 0x64, 0x1, 0xff,
    0xd1, 0x80, 0xf, 0xfe, 0x8a, 0x20, 0x3, 0xff,
    0xa0, 0x54, 0x1, 0xff, 0xd0, 0x2f, 0x10, 0xf,
    0xfe, 0x7a, 0x61, 0x0, 0x7f, 0xf3, 0x8a, 0xac,
    0x40, 0x3f, 0xf9, 0x82, 0xd7, 0xaa, 0x1, 0xff,
    0xc7, 0x12, 0x45, 0x7a, 0xde, 0x94, 0x0, 0xfe,

    /* U+004B "K" */
    0x13, 0x3f, 0xfe, 0x8, 0x80, 0x7f, 0xf3, 0x4c,
    0xff, 0xf8, 0xa0, 0x6, 0xcc, 0xff, 0xe0, 0xa0,
    0x7, 0xff, 0x31, 0xb3, 0x3f, 0xf8, 0x88, 0x1,
    0xff, 0xdc, 0x39, 0x0, 0xff, 0xe1, 0xab, 0x80,
    0x7f, 0xf6, 0xc7, 0x40, 0x3f, 0xf8, 0x67, 0x40,
    0x1f, 0xfd, 0xcd, 0x10, 0xf, 0xfe, 0x10, 0xe8,
    0x7, 0xff, 0x72, 0x4c, 0x3, 0xff, 0x87, 0xa2,
    0x1, 0xff, 0xdb, 0x66, 0x0, 0x7f, 0xf0, 0xe8,
    0xc0, 0x3f, 0xfb, 0x67, 0x20, 0x1f, 0xfc, 0x37,
    0x50, 0xf, 0xfe, 0xd8, 0xe8, 0x7, 0xff, 0xd,
    0x60, 0x3, 0xff, 0xb9, 0x42, 0x1, 0xff, 0xc2,
    0x2a, 0x0, 0xff, 0xee, 0x42, 0x0, 0x7f, 0xf0,
    0x87, 0x0, 0x3f, 0xfb, 0x8a, 0xe0, 0x1f, 0xfc,
    0x3d, 0x10, 0xf, 0xfe, 0xd9, 0x50, 0x7, 0xff,
    0xe, 0x4c, 0x3, 0xff, 0xb6, 0x3e, 0x1, 0xff,
    0xc3, 0x76, 0x0, 0xff, 0xee, 0x51, 0x0, 0x7f,
    0xf0, 0x92, 0x0, 0x3f, 0xfb, 0x90, 0x80, 0x1f,
    0xfc, 0x22, 0xb0, 0xf, 0xfe, 0xe2, 0xb8, 0x7,
    0xff, 0x8, 0x7c, 0x3, 0xff, 0xb8, 0x54, 0x1,
    0xff, 0xc3, 0xa2, 0x0, 0xff, 0xee, 0x78, 0x7,
    0xff, 0xe, 0x50, 0x3, 0xff, 0xb9, 0x64, 0x1,
    0xff, 0xc2, 0x66, 0x0, 0x7f, 0xf7, 0x1d, 0x0,
    0x3f, 0xf8, 0x47, 0x20, 0x1f, 0xfd, 0xc4, 0x80,
    0xf, 0xfe, 0x11, 0x68, 0x7, 0xff, 0x70, 0xa8,
    0x3, 0xff, 0x87, 0xe2, 0x1, 0xff, 0xdc, 0xf1,
    0x0, 0xff, 0xe1, 0x59, 0x0, 0x7f, 0xf7, 0x28,
    0x80, 0x3f, 0xf8, 0x50, 0x80, 0x1f, 0xfd, 0xc7,
    0x50, 0xf, 0xfe, 0x12, 0xb8, 0x7, 0xff, 0x71,
    0x20, 0x3, 0xff, 0x84, 0x74, 0x1, 0xff, 0xdc,
    0x1a, 0x0, 0xff, 0xe1, 0xe, 0x80, 0x7f, 0xf7,
    0x74, 0x40, 0x3f, 0xf8, 0x5a, 0x20, 0x1f, 0xfd,
    0xca, 0x30, 0xf, 0xfe, 0x15, 0x18, 0x7, 0xff,
    0x71, 0x94, 0x3, 0xff, 0x84, 0xea, 0x1, 0xff,
    0xdc, 0x39, 0x0, 0xff, 0xe1, 0x2c, 0x0, 0x7f,
    0xf7, 0xb, 0x40, 0x3f, 0xf8, 0x45, 0x40, 0x1f,
    0xfd, 0xd8, 0x10, 0xf, 0xfe, 0x8, 0xe0, 0x7,
    0xff, 0xb7, 0x44, 0x3, 0xff, 0xd9, 0x26, 0x1,
    0xff, 0xed, 0x50, 0xf, 0xff, 0x76, 0x88, 0x7,
    0xff, 0xb4, 0x74, 0x3, 0xff, 0xdc, 0x72, 0x1,
    0xff, 0xde, 0x50, 0xf, 0xfe, 0x1b, 0x30, 0x3,
    0xff, 0xbb, 0xf0, 0x1, 0xff, 0xc3, 0x93, 0x0,
    0xff, 0xee, 0xba, 0x0, 0x7f, 0xf0, 0xf4, 0x40,
    0x3f, 0xfb, 0xb4, 0x40, 0x1f, 0xfc, 0x21, 0xd0,
    0xf, 0xfe, 0xe8, 0xf8, 0x7, 0xff, 0xc, 0xe4,
    0x3, 0xff, 0xba, 0x54, 0x1, 0xff, 0xc3, 0x65,
    0x0, 0xff, 0xee, 0xab, 0x0, 0x7f, 0xf0, 0xe8,
    0xc0, 0x3f, 0xfb, 0xb2, 0x60, 0x1f, 0xfc, 0x3d,
    0x10, 0xf, 0xfe, 0xee, 0x88, 0x7, 0xff, 0x8,
    0x68, 0x3, 0xff, 0xba, 0x34, 0x1, 0xff, 0xc3,
    0x48, 0x0, 0xff, 0xee, 0xa4, 0x0, 0x7f, 0xf0,
    0xdd, 0x40, 0x3f, 0xfb, 0xae, 0x80, 0x1f, 0xfc,
    0x3a, 0x20, 0xf, 0xfe, 0xed, 0x90, 0x7, 0xff,
    0xf, 0xc4, 0x3, 0xff, 0xbb, 0xe0, 0x1f, 0xfc,
    0x32, 0xa0, 0xf, 0xfe, 0xe9, 0x50, 0x7, 0xff,
    0xd, 0x20, 0x3, 0xff, 0xba, 0xac, 0x1, 0xff,
    0xc3, 0x75, 0x0, 0xff, 0xee, 0xc9, 0x80, 0x7f,
    0xf0, 0xe8, 0x80, 0x3f, 0xfb, 0xba, 0x20, 0x1f,
    0xfc, 0x3f, 0x0, 0xff, 0xee, 0x8d, 0x0, 0x7f,
    0xf0, 0xca, 0xc0, 0x3f, 0xfb, 0xa9, 0x0, 0x1f,
    0xfc, 0x34, 0x80, 0xf, 0xfe, 0xeb, 0xa8, 0x7,
    0xff, 0xd, 0xd0, 0x3, 0xff, 0xbb, 0x44, 0x1,
    0xff, 0xc3, 0xb2, 0x0, 0xff, 0xee, 0xf8, 0x7,
    0xff, 0x13, 0xc0, 0x3f, 0xfb, 0xa5, 0x40, 0x1f,
    0xfc, 0x32, 0xa0, 0xf, 0xfe, 0xea, 0xb0, 0x7,
    0xff, 0xd, 0x5c, 0x3, 0xff, 0xbb, 0x26, 0x1,
    0xff, 0xc3, 0x84, 0x0, 0xff, 0xee, 0xe8, 0x80,
    0x7f, 0xf0, 0xe8, 0x80, 0x3f, 0xfb, 0x83, 0xa0,
    0x1f, 0xfc, 0x31, 0xf0, 0xf, 0xfe, 0xe9, 0xc0,
    0x7, 0xff, 0xc, 0xa8, 0x3, 0xff, 0xba, 0xea,
    0x1, 0xff, 0xc3, 0x57, 0x0, 0xff, 0xee, 0xd1,
    0x0, 0x7f, 0xf0, 0xe1, 0x0, 0x3f, 0xfb, 0xbe,
    0x1, 0xff, 0xc4, 0xa1, 0x0, 0xff, 0xee, 0x15,
    0x0, 0x7f, 0xf0, 0xc7, 0x40, 0x3f, 0xfb, 0xaa,
    0xe0, 0x1f, 0xfc, 0x33, 0xa0,

    /* U+004C "L" */
    0x7f, 0xff, 0xfe, 0xa, 0x80, 0x7f, 0xff, 0xc0,
    0x3f, 0xff, 0xe0, 0x1f, 0xff, 0xf0, 0xf, 0xff,
    0xf8, 0x7, 0xff, 0xfc, 0x3, 0xff, 0xfe, 0x1,
    0xff, 0xff, 0x0, 0xff, 0xff, 0x80, 0x7f, 0xff,
    0xc0, 0x3f, 0xff, 0xe0, 0x1f, 0xff, 0xf0, 0xf,
    0xff, 0xf8, 0x7, 0xff, 0xfc, 0x3, 0xff, 0xfe,
    0x1, 0xff, 0xff, 0x0, 0xff, 0xff, 0x80, 0x7f,
    0xff, 0xc0, 0x3f, 0xff, 0xe0, 0x1f, 0xff, 0xf0,
    0xf, 0xff, 0xf8, 0x7, 0xff, 0xfc, 0x3, 0xff,
    0xfe, 0x1, 0xff, 0xff, 0x0, 0xff, 0xff, 0x80,
    0x7f, 0xff, 0xc0, 0x3f, 0xff, 0xe0, 0x1f, 0xff,
    0xf0, 0xf, 0xff, 0xf8, 0x7, 0xff, 0xfc, 0x3,
    0xff, 0xfe, 0x1, 0xff, 0xff, 0x0, 0xff, 0xff,
    0x80, 0x7f, 0xff, 0xc0, 0x3f, 0xff, 0xe0, 0x1f,
    0xff, 0xf0, 0xf, 0xff, 0xf8, 0x7, 0xff, 0xbf,
    0x19, 0xbf, 0xfa, 0x44, 0x1, 0xff, 0xc2, 0x69,
    0x9f, 0xfe, 0x93, 0x80, 0x7f, 0xff, 0xc0, 0x3f,
    0xff, 0xe0, 0x1f, 0xff, 0xf0, 0xf, 0xff, 0xf8,
    0x7, 0xff, 0xfc, 0x3, 0xff, 0xfe, 0x1, 0xff,
    0xec,

    /* U+004D "M" */
    0x13, 0x3f, 0xfe, 0x50, 0x80, 0x7f, 0xf4, 0x44,
    0xcf, 0xff, 0x94, 0x4d, 0x99, 0xff, 0xca, 0x80,
    0xf, 0xfe, 0x8c, 0x66, 0x7f, 0xf2, 0xa0, 0x3,
    0xff, 0x96, 0x80, 0x1f, 0xfd, 0x14, 0x0, 0xff,
    0xf1, 0x10, 0x80, 0x7f, 0xf3, 0xc4, 0x80, 0x3f,
    0xfc, 0x6e, 0x1, 0xff, 0xcf, 0x70, 0xf, 0xff,
    0x26, 0x0, 0x7f, 0xf3, 0xf0, 0x3, 0xff, 0xc8,
    0x80, 0x1f, 0xfc, 0xf4, 0x0, 0xff, 0xf2, 0x9,
    0x0, 0x7f, 0xf3, 0x4c, 0x40, 0x3f, 0xfc, 0xaa,
    0x1, 0xff, 0xcd, 0x40, 0xf, 0xff, 0x36, 0x0,
    0x7f, 0xf3, 0x70, 0x3, 0xff, 0xcc, 0x80, 0x1f,
    0xfc, 0xd4, 0x0, 0xff, 0xf3, 0xa0, 0x7, 0xff,
    0x2d, 0x0, 0x3f, 0xe1, 0x0, 0xff, 0xe8, 0x20,
    0x7, 0xfd, 0x80, 0x1f, 0xfc, 0xbc, 0x0, 0xff,
    0x9c, 0x3, 0xff, 0xa1, 0x80, 0x1f, 0xf2, 0x0,
    0x7f, 0xf2, 0xd0, 0x3, 0xfe, 0xc0, 0xf, 0xfe,
    0x81, 0x18, 0x7, 0xf8, 0xc4, 0x3, 0xff, 0x92,
    0x26, 0x1, 0xfe, 0x17, 0x0, 0xff, 0xe8, 0xa0,
    0x7, 0xfc, 0x80, 0x1f, 0xfc, 0x94, 0x0, 0xff,
    0x9c, 0x3, 0xff, 0xa5, 0x80, 0x1f, 0xf6, 0x0,
    0x7f, 0xf2, 0x70, 0x3, 0xfe, 0xc0, 0xf, 0xfe,
    0x92, 0x0, 0x7f, 0xc8, 0x1, 0xff, 0xc9, 0x40,
    0xf, 0xf9, 0x0, 0x3f, 0xfa, 0x68, 0x1, 0xfe,
    0x22, 0x0, 0x7f, 0xf1, 0xc4, 0x80, 0x3f, 0xc6,
    0x20, 0x1f, 0xfd, 0x3d, 0x0, 0xff, 0x90, 0x3,
    0xff, 0x8e, 0xe0, 0x1f, 0xf5, 0x80, 0x7f, 0xf5,
    0x10, 0x3, 0xfe, 0xc0, 0xf, 0xfe, 0x3e, 0x0,
    0x7f, 0xc8, 0x1, 0xff, 0xd4, 0x22, 0x0, 0x7f,
    0x90, 0x3, 0xff, 0x8e, 0x80, 0x1f, 0xe1, 0x30,
    0xf, 0xfe, 0xaa, 0x0, 0x7f, 0x84, 0xc0, 0x3f,
    0xf8, 0xa4, 0x20, 0x1f, 0xe4, 0x0, 0xff, 0xeb,
    0x68, 0x7, 0xfc, 0x80, 0x1f, 0xfc, 0x55, 0x0,
    0xff, 0xb0, 0x3, 0xff, 0xac, 0x80, 0x1f, 0xf6,
    0x0, 0x7f, 0xf1, 0x70, 0x3, 0xfe, 0x70, 0xf,
    0xfe, 0xba, 0x0, 0x7f, 0x90, 0x3, 0xff, 0x8a,
    0x80, 0x1f, 0xe2, 0x10, 0xf, 0xfe, 0xbe, 0x0,
    0x7f, 0xc8, 0x1, 0xff, 0xc3, 0x40, 0xf, 0xf9,
    0x40, 0x3f, 0xfb, 0xa, 0x1, 0xff, 0x60, 0x7,
    0xff, 0xf, 0x0, 0x3f, 0xec, 0x0, 0xff, 0xec,
    0x10, 0x80, 0x7f, 0x94, 0x3, 0xff, 0x86, 0x80,
    0x1f, 0xf2, 0x0, 0x7f, 0xf6, 0x5c, 0x3, 0xfc,
    0x42, 0x1, 0xff, 0xc2, 0x30, 0xf, 0xf2, 0x0,
    0x7f, 0xf6, 0xb0, 0x3, 0xfe, 0x40, 0xf, 0xfe,
    0xa, 0x80, 0x7f, 0xd8, 0x1, 0xff, 0xda, 0x40,
    0xf, 0xfb, 0x0, 0x3f, 0xf8, 0x38, 0x1, 0xff,
    0x28, 0x7, 0xff, 0x68, 0x4c, 0x3, 0xfc, 0xe0,
    0x1f, 0xfc, 0x14, 0x0, 0xff, 0x9, 0x0, 0x7f,
    0xf6, 0xec, 0x3, 0xfc, 0x24, 0x1, 0xff, 0x9,
    0x0, 0x7f, 0x9c, 0x3, 0xff, 0xb8, 0x80, 0x1f,
    0xf2, 0x0, 0x7f, 0xce, 0x1, 0xff, 0x60, 0x7,
    0xff, 0x70, 0xc4, 0x3, 0xfd, 0xa0, 0x1f, 0xf6,
    0x0, 0x7f, 0xc8, 0x1, 0xff, 0xdd, 0x40, 0xf,
    0xf2, 0x0, 0x7f, 0xc8, 0x1, 0xfe, 0x31, 0x0,
    0xff, 0xee, 0xe0, 0x7, 0xfc, 0x60, 0x1f, 0xc4,
    0x20, 0x1f, 0xeb, 0x0, 0xff, 0xef, 0x38, 0x7,
    0xfd, 0x60, 0x1f, 0xca, 0x1, 0xff, 0x20, 0x7,
    0xff, 0x78, 0x48, 0x3, 0xfc, 0x80, 0x1f, 0xd8,
    0x1, 0xfe, 0x13, 0x0, 0xff, 0xef, 0xa8, 0x7,
    0xf8, 0xc0, 0x3f, 0x90, 0x3, 0xfc, 0x80, 0x1f,
    0xfe, 0xc, 0x0, 0xff, 0x90, 0x3, 0xe3, 0x0,
    0xff, 0xb0, 0x3, 0xff, 0xc0, 0x80, 0x1f, 0xf6,
    0x80, 0x7d, 0x60, 0x1f, 0xf3, 0x80, 0x7f, 0xf8,
    0x50, 0x3, 0xfc, 0x80, 0x1f, 0x20, 0x7, 0xf8,
    0x84, 0x3, 0xff, 0xc3, 0xa0, 0x1f, 0xe2, 0x10,
    0xf, 0x18, 0x7, 0xf9, 0x40, 0x3f, 0xfc, 0x48,
    0x1, 0xff, 0x38, 0x7, 0x28, 0x7, 0xfd, 0x80,
    0x1f, 0xfe, 0x22, 0x20, 0x7, 0xfb, 0x0, 0x3b,
    0x0, 0x3f, 0xe4, 0x0, 0xff, 0xf1, 0xa0, 0x7,
    0xf9, 0x0, 0x39, 0x0, 0x3f, 0xc8, 0x1, 0xff,
    0xe4, 0xd0, 0xf, 0xf0, 0x90, 0x4, 0x24, 0x1,
    0xfe, 0xc0, 0xf, 0xff, 0x22, 0x0, 0x7f, 0xca,
    0x1, 0x38, 0x7, 0xfc, 0xa0, 0x1f, 0xfe, 0x54,
    0x0, 0xff, 0x60, 0x5, 0x80, 0x1f, 0xe1, 0x20,
    0xf, 0xff, 0x2e, 0x0, 0x7f, 0x90, 0x2, 0x40,
    0xf, 0xf3, 0x80, 0x7f, 0xf9, 0x94, 0x3, 0xfe,
    0x40, 0x21, 0x0, 0xff, 0x60, 0x7, 0xff, 0x98,
    0x84, 0x3, 0xfd, 0x80, 0xa0, 0x1f, 0xf2, 0x0,
    0x7f, 0xf9, 0xd0, 0x3, 0xfc, 0x81, 0x80, 0x1f,
    0xe3, 0x10, 0xf, 0xff, 0x3f, 0x80, 0x7f, 0x8c,
    0x50, 0x3, 0xfd, 0x60, 0x1f, 0xfe, 0x84, 0x0,
    0xff, 0xa0, 0x3, 0xfe, 0x40, 0xf, 0xff, 0x40,
    0x98, 0x7, 0xf9, 0x80, 0x3f, 0xc2, 0x60, 0x1f,
    0xfe, 0x94, 0x0, 0xff, 0xe4, 0xa0, 0x7, 0xff,
    0xaa, 0xc0, 0x3f, 0xf9, 0x38, 0x1, 0xff, 0xea,
    0x31, 0x0, 0xff, 0xe4, 0x38, 0x7, 0xff, 0xad,
    0x0, 0x3f, 0xf8, 0xe4, 0x20, 0x1f, 0xfe, 0xbc,
    0x0, 0xff, 0xe3, 0xa8, 0x7, 0xff, 0xb1, 0xc0,
    0x3f, 0xf8, 0xf8, 0x1, 0xff, 0xec, 0x12, 0x0,
    0xff, 0xe3, 0x20, 0x7, 0xff, 0xb5, 0x40, 0x3f,
    0xf8, 0xa8, 0x1, 0xff, 0xee, 0xc0, 0xf, 0xfe,
    0x2e, 0x0, 0x7f, 0xfb, 0x90, 0x3, 0xff, 0x8a,
    0xa0, 0x1f, 0xfe, 0xf4, 0x0, 0xff, 0xe1, 0x89,
    0x0, 0x7f, 0xfb, 0xf4, 0x3, 0xff, 0x86, 0xe0,
    0x1f, 0xff, 0x4, 0x0, 0xff, 0xe1, 0xe0, 0x7,
    0xff, 0xc0, 0x88, 0x1, 0xff, 0xc2, 0x40, 0xf,
    0xff, 0x8a, 0x0, 0x7f, 0xf0, 0x4c, 0x40, 0x3f,
    0xfe, 0x38, 0x1, 0xff, 0xc1, 0xb0, 0xf, 0xfe,
    0x98,

    /* U+004E "N" */
    0x13, 0x3f, 0xfe, 0x18, 0x7, 0xff, 0x48, 0xcf,
    0xff, 0x84, 0xd9, 0x9f, 0xfc, 0x37, 0x0, 0xff,
    0xe8, 0xee, 0x67, 0xff, 0x4, 0x3, 0xff, 0x89,
    0x2, 0x1, 0xff, 0xef, 0xb0, 0xf, 0xff, 0x7a,
    0x98, 0x7, 0xff, 0xbf, 0xc0, 0x3f, 0xfd, 0xe6,
    0xa0, 0x1f, 0xfe, 0xfb, 0x0, 0xff, 0xf7, 0x8c,
    0x0, 0x7f, 0xfb, 0xdc, 0x40, 0x3f, 0xfd, 0xf6,
    0x1, 0xff, 0xef, 0x53, 0x0, 0xff, 0xf7, 0xf8,
    0x7, 0xff, 0xbc, 0xd8, 0x3, 0xff, 0xdf, 0x0,
    0x1f, 0xfe, 0xf1, 0x80, 0xf, 0xff, 0x7b, 0x90,
    0x7, 0xff, 0xbe, 0x0, 0x3f, 0xfd, 0xea, 0x60,
    0x1f, 0xfe, 0xff, 0x0, 0xff, 0xf7, 0x9b, 0x0,
    0x7f, 0xf8, 0x84, 0x3, 0xff, 0x81, 0x0, 0x1f,
    0xfe, 0x29, 0x0, 0xff, 0xe0, 0xc, 0x0, 0x7f,
    0xf8, 0x49, 0xc0, 0x3f, 0xf8, 0xe, 0x40, 0x1f,
    0xfe, 0x18, 0x10, 0xf, 0xfe, 0x4, 0x0, 0x7f,
    0xf8, 0xac, 0x3, 0xff, 0x80, 0xa8, 0x1, 0xff,
    0xe1, 0x53, 0x0, 0xff, 0xe0, 0x48, 0x7, 0xff,
    0x8b, 0xc0, 0x3f, 0xf8, 0x4, 0xc0, 0x1f, 0xfe,
    0x13, 0x50, 0xf, 0xfe, 0x4, 0x0, 0x7f, 0xf8,
    0xac, 0x3, 0xff, 0x80, 0x30, 0x1, 0xff, 0xe1,
    0x17, 0x0, 0xff, 0xe0, 0x39, 0x0, 0x7f, 0xf8,
    0x60, 0x40, 0x3f, 0xf8, 0x12, 0x1, 0xff, 0xe2,
    0xb0, 0xf, 0xfe, 0x2, 0x20, 0x3, 0xff, 0xc2,
    0xa6, 0x1, 0xff, 0xc0, 0x90, 0xf, 0xff, 0x17,
    0x80, 0x7f, 0xf0, 0x9, 0x80, 0x3f, 0xfc, 0x26,
    0xa0, 0x1f, 0xfc, 0x8, 0x10, 0xf, 0xff, 0xd,
    0x80, 0x7f, 0xf0, 0x6, 0x0, 0x3f, 0xfc, 0x22,
    0xe0, 0x1f, 0xfc, 0x6, 0x20, 0xf, 0xff, 0xc,
    0x8, 0x7, 0xff, 0x2, 0x40, 0x3f, 0xfc, 0x50,
    0x1, 0xff, 0xc0, 0x44, 0x0, 0x7f, 0xf8, 0x58,
    0xc0, 0x3f, 0xf8, 0x12, 0x1, 0xff, 0xe2, 0xf0,
    0xf, 0xfe, 0x1, 0x30, 0x7, 0xff, 0x84, 0xd4,
    0x3, 0xff, 0x81, 0x2, 0x1, 0xff, 0xe1, 0x80,
    0xf, 0xfe, 0x0, 0xc0, 0x7, 0xff, 0x84, 0x9c,
    0x3, 0xff, 0x80, 0xc4, 0x1, 0xff, 0xe1, 0x81,
    0x0, 0xff, 0xe0, 0x48, 0x7, 0xff, 0x8a, 0x0,
    0x3f, 0xf8, 0x8, 0x80, 0xf, 0xff, 0xb, 0x18,
    0x7, 0xff, 0x2, 0x40, 0x3f, 0xfc, 0x5e, 0x1,
    0xff, 0xc0, 0x27, 0x0, 0xff, 0xf0, 0x9a, 0x80,
    0x7f, 0xf0, 0x24, 0x40, 0x3f, 0xfc, 0x30, 0x1,
    0xff, 0xc0, 0x18, 0x0, 0xff, 0xf0, 0x93, 0x80,
    0x7f, 0xf0, 0x18, 0x80, 0x3f, 0xfc, 0x30, 0x20,
    0x1f, 0xfc, 0x9, 0x0, 0xff, 0xf1, 0x40, 0x7,
    0xff, 0x1, 0x4, 0x3, 0xff, 0xc2, 0xc4, 0x1,
    0xff, 0xef, 0x90, 0xf, 0xff, 0x7a, 0x28, 0x7,
    0xff, 0xbe, 0x0, 0x3f, 0xfd, 0xe4, 0xe0, 0x1f,
    0xfe, 0xf8, 0x10, 0xf, 0xff, 0x7c, 0x0, 0x7f,
    0xfb, 0xd8, 0x80, 0x3f, 0xfd, 0xf2, 0x1, 0xff,
    0xef, 0x44, 0x0, 0x7f, 0xfb, 0xe4, 0x3, 0xff,
    0xde, 0x4e, 0x1, 0xff, 0xef, 0x81, 0x0, 0xff,
    0xf7, 0xc0, 0x7, 0xff, 0xbd, 0x88, 0x3, 0xff,
    0xdf, 0x20, 0x1f, 0xfe, 0xf4, 0x40, 0x7, 0xff,
    0xbe, 0x40, 0x3f, 0xfd, 0xe4, 0xe0, 0x1f, 0xfe,
    0xf9, 0x10, 0xf, 0xfe, 0x18,

    /* U+004F "O" */
    0x0, 0xff, 0xe7, 0x92, 0xbc, 0xde, 0xf7, 0x3f,
    0xee, 0xdc, 0xb8, 0x64, 0x0, 0xff, 0xf3, 0xb,
    0x57, 0x6d, 0x43, 0x21, 0x8, 0x80, 0x21, 0x23,
    0x47, 0x9b, 0xfc, 0x84, 0x0, 0xff, 0xf0, 0x25,
    0x74, 0xa8, 0x80, 0x7f, 0xf1, 0xcd, 0xef, 0xa0,
    0x80, 0x3f, 0xfb, 0x6d, 0xd6, 0xa0, 0x1f, 0xfc,
    0xe1, 0x7d, 0xb2, 0x0, 0xff, 0xeb, 0xae, 0xc8,
    0x80, 0x7f, 0xf4, 0xd3, 0x68, 0x40, 0x3f, 0xfa,
    0x63, 0x74, 0x40, 0x1f, 0xfd, 0x75, 0xe6, 0x0,
    0xff, 0xe8, 0xaf, 0xa0, 0x7, 0xff, 0x6e, 0x6c,
    0x40, 0x3f, 0xf9, 0xd1, 0x42, 0x1, 0xff, 0xdd,
    0x4f, 0x30, 0xf, 0xfe, 0x65, 0xb8, 0x7, 0xff,
    0x80, 0x71, 0x40, 0x3f, 0xf9, 0x56, 0x80, 0x1f,
    0xfe, 0x3a, 0x50, 0xf, 0xfe, 0x45, 0xa0, 0x7,
    0xff, 0x96, 0x90, 0x3, 0xff, 0x8d, 0x28, 0x1,
    0xff, 0xe7, 0xb3, 0x0, 0xff, 0xe2, 0x2b, 0x0,
    0x7f, 0xf2, 0x8d, 0x59, 0xdc, 0xca, 0x82, 0x1,
    0xff, 0xca, 0xe1, 0x0, 0xff, 0xe1, 0x15, 0x0,
    0x7f, 0xf1, 0xc5, 0xf3, 0xf2, 0xa6, 0x21, 0x35,
    0x7d, 0xcb, 0x50, 0xf, 0xfe, 0x39, 0x50, 0x7,
    0xff, 0xb, 0x80, 0x3f, 0xf8, 0xc7, 0x7d, 0x6,
    0x1, 0xfe, 0x14, 0xaf, 0x91, 0x0, 0xff, 0xe2,
    0xa3, 0x0, 0x7f, 0xf0, 0x18, 0xc0, 0x3f, 0xf8,
    0x83, 0x58, 0x80, 0x1f, 0xfc, 0x56, 0xe7, 0x0,
    0xff, 0xe2, 0xc0, 0x80, 0x7f, 0x86, 0x0, 0x3f,
    0xf8, 0x87, 0xea, 0x1, 0xff, 0xc9, 0x8b, 0x10,
    0xf, 0xfe, 0x18, 0xd8, 0x7, 0xfa, 0x4, 0x3,
    0xff, 0x86, 0xb8, 0x20, 0x1f, 0xfc, 0xb4, 0xc2,
    0x0, 0xff, 0xe1, 0xa9, 0x0, 0x7e, 0x16, 0x0,
    0xff, 0xe1, 0xad, 0x0, 0x7f, 0xf3, 0x8b, 0xc4,
    0x3, 0xff, 0x87, 0x0, 0x1f, 0xa4, 0x3, 0xff,
    0x86, 0x94, 0x1, 0xff, 0xd0, 0x2c, 0x0, 0xff,
    0xe1, 0xa9, 0x0, 0x7c, 0xe0, 0x1f, 0xfc, 0x21,
    0xa0, 0xf, 0xfe, 0x91, 0x48, 0x7, 0xff, 0xe,
    0xc0, 0x3c, 0xa0, 0x1f, 0xfc, 0x3b, 0x10, 0xf,
    0xfe, 0x9b, 0x20, 0x7, 0xff, 0x9, 0xc0, 0x3d,
    0xc0, 0x1f, 0xfc, 0x24, 0x50, 0xf, 0xfe, 0xac,
    0x80, 0x7f, 0xf0, 0x85, 0x40, 0x30, 0xa0, 0x7,
    0xff, 0xa, 0x0, 0x3f, 0xfa, 0xc4, 0xc0, 0x1f,
    0xfc, 0x2e, 0x0, 0xc8, 0x1, 0xff, 0xc2, 0x43,
    0x0, 0xff, 0xeb, 0xc0, 0x7, 0xff, 0x9, 0x0,
    0x37, 0x80, 0x7f, 0xf0, 0xb8, 0x3, 0xff, 0xb0,
    0x28, 0x1, 0xff, 0xc2, 0x40, 0x9, 0x0, 0x3f,
    0xf8, 0x22, 0xa0, 0x1f, 0xfd, 0x9e, 0x0, 0xff,
    0xe1, 0x60, 0x0, 0x84, 0x3, 0xff, 0x82, 0xe0,
    0x1f, 0xfd, 0xa5, 0x0, 0xff, 0xe1, 0x20, 0x1,
    0xc0, 0x3f, 0xf8, 0x58, 0x1, 0xff, 0xdb, 0x40,
    0xf, 0xfe, 0x9, 0x80, 0x34, 0x3, 0xff, 0x84,
    0x80, 0x1f, 0xfd, 0xbc, 0x0, 0xff, 0xe1, 0x10,
    0x18, 0x7, 0xff, 0x4, 0x84, 0x3, 0xff, 0xb6,
    0x80, 0x1f, 0xfc, 0x27, 0x6, 0x0, 0xff, 0xe0,
    0xb8, 0x7, 0xff, 0x70, 0xc0, 0x3f, 0xf8, 0x44,
    0x6, 0x1, 0xff, 0xc1, 0x20, 0xf, 0xfe, 0xe8,
    0x80, 0x7f, 0xf0, 0x7c, 0x4, 0x3, 0xff, 0x83,
    0xc0, 0x1f, 0xfd, 0xd2, 0x0, 0xff, 0xe0, 0x91,
    0x0, 0x3f, 0xf8, 0x44, 0x1, 0xff, 0xdd, 0x60,
    0xf, 0xfe, 0x8, 0x80, 0x7f, 0xf0, 0xdc, 0x3,
    0xff, 0xba, 0x60, 0x1f, 0xfc, 0x17, 0x10, 0xf,
    0xff, 0xd0, 0x80, 0x7f, 0xf0, 0xc4, 0x3, 0xff,
    0xba, 0x20, 0x1f, 0xff, 0xf0, 0xf, 0xfe, 0x70,
    0x80, 0x7f, 0xf7, 0x44, 0x3, 0xff, 0x84, 0x20,
    0x1f, 0xfe, 0xc3, 0x0, 0xff, 0xe0, 0x89, 0x80,
    0x7f, 0xf0, 0x9c, 0x3, 0xff, 0xd6, 0xe2, 0x1,
    0xff, 0xc2, 0x20, 0xf, 0xfe, 0xeb, 0x0, 0x7f,
    0xf0, 0x44, 0x4, 0x3, 0xff, 0x83, 0xc0, 0x1f,
    0xfd, 0xd2, 0x0, 0xff, 0xe0, 0x90, 0x10, 0x7,
    0xff, 0x4, 0x80, 0x3f, 0xfb, 0xa2, 0x1, 0xff,
    0xc1, 0xe0, 0x60, 0xf, 0xfe, 0xb, 0x80, 0x7f,
    0xf7, 0xc, 0x3, 0xff, 0x84, 0x40, 0x40, 0x1f,
    0xfc, 0x12, 0x10, 0xf, 0xfe, 0xda, 0x0, 0x7f,
    0xf0, 0x94, 0x34, 0x3, 0xff, 0x84, 0x80, 0x1f,
    0xfd, 0xbc, 0x0, 0xff, 0xe0, 0x88, 0x81, 0x0,
    0x3f, 0xf8, 0x58, 0x1, 0xff, 0xdb, 0x40, 0xf,
    0xfe, 0xa, 0x80, 0x4, 0x40, 0x1f, 0xfc, 0x17,
    0x0, 0xff, 0xed, 0x28, 0x7, 0xff, 0x8, 0xc0,
    0x27, 0x0, 0xff, 0xe0, 0x8a, 0x80, 0x7f, 0xf6,
    0x78, 0x3, 0xff, 0x85, 0x60, 0x16, 0x0, 0x7f,
    0xf0, 0xb8, 0x3, 0xff, 0xb0, 0x28, 0x1, 0xff,
    0xc2, 0x30, 0x9, 0x0, 0x3f, 0xf8, 0x48, 0x60,
    0x1f, 0xfd, 0x78, 0x0, 0xff, 0xe1, 0x28, 0x6,
    0x14, 0x0, 0xff, 0xe1, 0x40, 0x7, 0xff, 0x58,
    0x58, 0x3, 0xff, 0x85, 0xe0, 0x1d, 0xc0, 0x1f,
    0xfc, 0x24, 0x40, 0x7, 0xff, 0x56, 0xc0, 0x3f,
    0xf8, 0x42, 0xa0, 0x1c, 0xa2, 0x1, 0xff, 0xc2,
    0xa1, 0x0, 0xff, 0xe9, 0xaa, 0x80, 0x3f, 0xf8,
    0x4e, 0x1, 0xf3, 0x0, 0x7f, 0xf0, 0x86, 0x80,
    0x3f, 0xfa, 0x45, 0x60, 0x1f, 0xfc, 0x3b, 0x0,
    0xfa, 0x40, 0x3f, 0xf8, 0x69, 0x20, 0x1f, 0xfd,
    0x1, 0xf1, 0x0, 0xff, 0xe1, 0x29, 0x0, 0x7c,
    0x2c, 0x1, 0xff, 0xc3, 0x68, 0x0, 0xff, 0xe7,
    0xe, 0x10, 0x7, 0xff, 0xe, 0x40, 0x3f, 0xa0,
    0x3, 0xff, 0x88, 0xf6, 0x1, 0xff, 0xcc, 0x3f,
    0x20, 0xf, 0xfe, 0x1a, 0x98, 0x7, 0xf0, 0xc8,
    0x7, 0xff, 0x11, 0x34, 0xc0, 0x3f, 0xf9, 0x2f,
    0x82, 0x1, 0xff, 0xc4, 0xb0, 0xf, 0xf9, 0x88,
    0x3, 0xff, 0x88, 0x59, 0x44, 0x1, 0xff, 0xc5,
    0x4d, 0x80, 0xf, 0xfe, 0x2c, 0x88, 0x7, 0xff,
    0x3, 0xc0, 0x3f, 0xf8, 0xcb, 0xb8, 0xc2, 0x1,
    0xff, 0x14, 0x75, 0x90, 0x7, 0xff, 0x15, 0x18,
    0x3, 0xff, 0x82, 0x52, 0x1, 0xff, 0xc7, 0x39,
    0xee, 0x5c, 0x3b, 0x31, 0xe2, 0x73, 0xf5, 0xc4,
    0x3, 0xff, 0x8c, 0x34, 0x1, 0xff, 0xc3, 0x65,
    0x0, 0xff, 0xe4, 0x8a, 0x3c, 0x4c, 0xa1, 0xd8,
    0xc0, 0x3f, 0xf9, 0x5a, 0x20, 0x1f, 0xfc, 0x4a,
    0x40, 0xf, 0xff, 0x3d, 0x18, 0x7, 0xff, 0x1a,
    0xcc, 0x3, 0xff, 0xcb, 0x2a, 0x1, 0xff, 0xc8,
    0xd3, 0x0, 0xff, 0xf1, 0xcb, 0x0, 0x7f, 0xf2,
    0x47, 0x14, 0x3, 0xff, 0xc0, 0x36, 0xc0, 0x1f,
    0xfc, 0xca, 0x80, 0xf, 0xfe, 0xf1, 0xe2, 0x0,
    0x7f, 0xf3, 0x9f, 0x4c, 0x3, 0xff, 0xb7, 0x18,
    0x40, 0x1f, 0xfd, 0x2, 0xc9, 0x10, 0xf, 0xfe,
    0xba, 0x6b, 0x80, 0x7f, 0xf5, 0x1b, 0xa0, 0x40,
    0x3f, 0xfa, 0x67, 0x96, 0x40, 0x1f, 0xfd, 0x77,
    0xea, 0x40, 0xf, 0xfe, 0x70, 0xb6, 0x60, 0xc0,
    0x3f, 0xfb, 0x6b, 0x7d, 0x2a, 0x20, 0x1f, 0xfc,
    0x72, 0x6b, 0xe9, 0x30, 0xf, 0xfe, 0xf8, 0xb5,
    0x76, 0xd4, 0x31, 0x90, 0x88, 0x2, 0x12, 0x22,
    0x34, 0xdf, 0x6c, 0xa0, 0x7, 0xff, 0x2c,

    /* U+0050 "P" */
    0x7f, 0xff, 0xfe, 0xaf, 0x6d, 0xcb, 0x18, 0x7,
    0xff, 0x98, 0x49, 0x1a, 0x73, 0xed, 0x40, 0x3f,
    0xfd, 0x49, 0x5f, 0x2, 0x1, 0xff, 0xea, 0x7e,
    0x80, 0xf, 0xff, 0x5b, 0xe1, 0x0, 0x7f, 0xfa,
    0x8f, 0x4c, 0x3, 0xff, 0xd7, 0x86, 0x1, 0xff,
    0xeb, 0xd1, 0x0, 0xff, 0xf5, 0xe, 0x80, 0x7f,
    0xfa, 0xcd, 0xc0, 0x3f, 0xfd, 0x72, 0x1, 0xff,
    0xeb, 0x17, 0x0, 0xff, 0xe2, 0x34, 0xcf, 0xff,
    0x12, 0x1d, 0x4, 0x3, 0xff, 0x8d, 0x40, 0x1f,
    0xfc, 0x4c, 0x66, 0xff, 0xe2, 0x3c, 0x5f, 0x63,
    0x0, 0x7f, 0xf1, 0x8, 0xc0, 0x3f, 0xfb, 0x7,
    0x3a, 0x60, 0x1f, 0xfc, 0x3b, 0x0, 0xff, 0xed,
    0x16, 0x18, 0x7, 0xff, 0x8, 0xc0, 0x3f, 0xfb,
    0x98, 0x20, 0x1f, 0xfc, 0x15, 0x0, 0xff, 0xee,
    0xc0, 0x7, 0xff, 0x4, 0x44, 0x1, 0xff, 0xdc,
    0x60, 0xf, 0xfe, 0x11, 0x80, 0x7f, 0xf7, 0x50,
    0x3, 0xff, 0x82, 0x20, 0x1f, 0xfd, 0xd3, 0x0,
    0xff, 0xe0, 0xb8, 0x7, 0xff, 0x77, 0xc0, 0x3f,
    0xf8, 0x22, 0x1, 0xff, 0xdd, 0x10, 0xf, 0xfe,
    0x8, 0x80, 0x7f, 0xf7, 0x78, 0x3, 0xff, 0x82,
    0xe0, 0x1f, 0xfd, 0xd2, 0x0, 0xff, 0xe0, 0x88,
    0x7, 0xff, 0x75, 0x0, 0x3f, 0xf8, 0x26, 0x1,
    0xff, 0xdc, 0x31, 0x0, 0xff, 0xe0, 0x8, 0x80,
    0x3f, 0xfb, 0x9e, 0x1, 0xff, 0xc1, 0x50, 0xf,
    0xfe, 0xe3, 0x98, 0x7, 0xff, 0x7, 0x0, 0x3f,
    0xfb, 0x6f, 0x0, 0x1f, 0xfc, 0x25, 0x0, 0xff,
    0xec, 0xa6, 0x40, 0x7, 0xff, 0x8, 0x88, 0x1,
    0xff, 0xc3, 0x31, 0x1f, 0xfe, 0x21, 0x1b, 0x4e,
    0xd9, 0x80, 0x7f, 0xf0, 0xe8, 0x3, 0xff, 0x89,
    0x3d, 0xdf, 0xfc, 0x4d, 0xc9, 0x62, 0x0, 0xff,
    0xe2, 0xb, 0x80, 0x7f, 0xfa, 0xa4, 0x3, 0xff,
    0xd4, 0x6e, 0x1, 0xff, 0xea, 0xe0, 0xf, 0xff,
    0x55, 0x10, 0x7, 0xff, 0xa6, 0x54, 0x3, 0xff,
    0xd3, 0x2c, 0x1, 0xff, 0xe8, 0x1c, 0x60, 0xf,
    0xff, 0x43, 0x79, 0x80, 0x7f, 0xf9, 0xd7, 0x24,
    0x40, 0x3f, 0xfc, 0xa6, 0xfd, 0x46, 0x1, 0xff,
    0xe0, 0x11, 0x12, 0xbd, 0x76, 0x40, 0x80, 0x7f,
    0xf3, 0xeb, 0xff, 0xff, 0x8d, 0xdc, 0xda, 0x85,
    0x10, 0xf, 0xff, 0xf8, 0x7, 0xff, 0xfc, 0x3,
    0xff, 0xfe, 0x1, 0xff, 0xff, 0x0, 0xff, 0xff,
    0x80, 0x7f, 0xff, 0xc0, 0x3f, 0xff, 0xe0, 0x1f,
    0xff, 0xf0, 0xf, 0xff, 0xf8, 0x7, 0xff, 0xfc,
    0x3, 0xff, 0xfe, 0x1, 0xff, 0xff, 0x0, 0xff,
    0xff, 0x80, 0x7f, 0xff, 0xc0, 0x3f, 0xff, 0xe0,
    0x1f, 0xff, 0xf0, 0xf, 0xff, 0xf8, 0x7, 0xff,
    0xfc, 0x3, 0xff, 0xfe, 0x1, 0xff, 0xff, 0x0,
    0xff, 0xff, 0x80, 0x7f, 0x23, 0xbf, 0xff, 0x8,
    0x3, 0xff, 0xba,

    /* U+0051 "Q" */
    0x0, 0xff, 0xe7, 0x92, 0xbc, 0xde, 0xf7, 0x3f,
    0xee, 0xdc, 0xb8, 0x64, 0x0, 0xff, 0xf3, 0xb,
    0x57, 0x6d, 0x43, 0x21, 0x8, 0x80, 0x21, 0x23,
    0x47, 0x9b, 0xfc, 0x84, 0x0, 0xff, 0xf0, 0x25,
    0x74, 0xa8, 0x80, 0x7f, 0xf1, 0xcd, 0xef, 0xa0,
    0x80, 0x3f, 0xfb, 0x6d, 0xd6, 0xa0, 0x1f, 0xfc,
    0xe1, 0x7d, 0xb2, 0x0, 0xff, 0xeb, 0xae, 0xc8,
    0x80, 0x7f, 0xf4, 0xd3, 0x68, 0x40, 0x3f, 0xfa,
    0x63, 0x74, 0x40, 0x1f, 0xfd, 0x75, 0xe6, 0x0,
    0xff, 0xe8, 0xaf, 0xa0, 0x7, 0xff, 0x6e, 0x6c,
    0x40, 0x3f, 0xf9, 0xd1, 0x42, 0x1, 0xff, 0xdd,
    0x4f, 0x30, 0xf, 0xfe, 0x65, 0xb8, 0x7, 0xff,
    0x80, 0x71, 0x40, 0x3f, 0xf9, 0x56, 0x80, 0x1f,
    0xfe, 0x3a, 0x50, 0xf, 0xfe, 0x45, 0xa0, 0x7,
    0xff, 0x96, 0x90, 0x3, 0xff, 0x8d, 0x28, 0x1,
    0xff, 0xe7, 0xb3, 0x0, 0xff, 0xe2, 0x2b, 0x0,
    0x7f, 0xf2, 0x8d, 0x59, 0xdc, 0xca, 0x82, 0x1,
    0xff, 0xca, 0xe1, 0x0, 0xff, 0xe1, 0x15, 0x0,
    0x7f, 0xf1, 0xc5, 0xf3, 0xf2, 0xa6, 0x21, 0x35,
    0x7d, 0xcb, 0x50, 0xf, 0xfe, 0x39, 0x50, 0x7,
    0xff, 0xb, 0x80, 0x3f, 0xf8, 0xc7, 0x7d, 0x6,
    0x1, 0xfe, 0x14, 0xaf, 0x91, 0x0, 0xff, 0xe2,
    0xa3, 0x0, 0x7f, 0xf0, 0x18, 0xc0, 0x3f, 0xf8,
    0x83, 0x58, 0x80, 0x1f, 0xfc, 0x56, 0xe7, 0x0,
    0xff, 0xe2, 0xc0, 0x80, 0x7f, 0x86, 0x0, 0x3f,
    0xf8, 0x87, 0xea, 0x1, 0xff, 0xc9, 0x8b, 0x10,
    0xf, 0xfe, 0x18, 0xd8, 0x7, 0xfa, 0x4, 0x3,
    0xff, 0x86, 0xb8, 0x20, 0x1f, 0xfc, 0xb4, 0xc2,
    0x0, 0xff, 0xe1, 0xa9, 0x0, 0x7e, 0x16, 0x0,
    0xff, 0xe1, 0xad, 0x0, 0x7f, 0xf3, 0x8b, 0xc4,
    0x3, 0xff, 0x87, 0x0, 0x1f, 0xa4, 0x3, 0xff,
    0x86, 0x94, 0x1, 0xff, 0xd0, 0x2c, 0x0, 0xff,
    0xe1, 0xa9, 0x0, 0x7c, 0xe0, 0x1f, 0xfc, 0x21,
    0xa0, 0xf, 0xfe, 0x91, 0x48, 0x7, 0xff, 0xe,
    0xc0, 0x3c, 0xa0, 0x1f, 0xfc, 0x3b, 0x10, 0xf,
    0xfe, 0x9b, 0x20, 0x7, 0xff, 0x9, 0xc0, 0x3d,
    0xc0, 0x1f, 0xfc, 0x24, 0x50, 0xf, 0xfe, 0xac,
    0x80, 0x7f, 0xf0, 0x85, 0x40, 0x30, 0xa0, 0x7,
    0xff, 0xa, 0x0, 0x3f, 0xfa, 0xc4, 0xc0, 0x1f,
    0xfc, 0x2e, 0x0, 0xc8, 0x1, 0xff, 0xc2, 0x43,
    0x0, 0xff, 0xeb, 0xc0, 0x7, 0xff, 0x9, 0x0,
    0x37, 0x80, 0x7f, 0xf0, 0xb8, 0x3, 0xff, 0xb0,
    0x28, 0x1, 0xff, 0xc2, 0x40, 0x9, 0x0, 0x3f,
    0xf8, 0x22, 0xa0, 0x1f, 0xfd, 0x9e, 0x0, 0xff,
    0xe1, 0x60, 0x0, 0x84, 0x3, 0xff, 0x82, 0xe0,
    0x1f, 0xfd, 0xa5, 0x0, 0xff, 0xe1, 0x20, 0x1,
    0xc0, 0x3f, 0xf8, 0x58, 0x1, 0xff, 0xdb, 0x40,
    0xf, 0xfe, 0x9, 0x80, 0x34, 0x3, 0xff, 0x84,
    0x80, 0x1f, 0xfd, 0xbc, 0x0, 0xff, 0xe1, 0x10,
    0x18, 0x7, 0xff, 0x4, 0x84, 0x3, 0xff, 0xb6,
    0x80, 0x1f, 0xfc, 0x27, 0x6, 0x0, 0xff, 0xe0,
    0xb8, 0x7, 0xff, 0x70, 0xc0, 0x3f, 0xf8, 0x44,
    0x6, 0x1, 0xff, 0xc1, 0x20, 0xf, 0xfe, 0xe8,
    0x80, 0x7f, 0xf0, 0x7c, 0x4, 0x3, 0xff, 0x83,
    0xc0, 0x1f, 0xfd, 0xd2, 0x0, 0xff, 0xe0, 0x91,
    0x0, 0x3f, 0xf8, 0x44, 0x1, 0xff, 0xdd, 0x60,
    0xf, 0xfe, 0x8, 0x80, 0x7f, 0xf0, 0xdc, 0x3,
    0xff, 0xba, 0x60, 0x1f, 0xfc, 0x17, 0x10, 0xf,
    0xff, 0xd0, 0x80, 0x7f, 0xf0, 0xc4, 0x3, 0xff,
    0xba, 0x20, 0x1f, 0xff, 0xf0, 0xf, 0xfe, 0x70,
    0x80, 0x7f, 0xf7, 0x44, 0x3, 0xff, 0x82, 0x22,
    0x0, 0xff, 0xf6, 0x18, 0x7, 0xff, 0x8, 0xc0,
    0x3f, 0xf8, 0x4e, 0x1, 0xff, 0xeb, 0x71, 0x0,
    0xff, 0xe1, 0x10, 0x7, 0xff, 0x75, 0x80, 0x3f,
    0xf8, 0x22, 0x2, 0x1, 0xff, 0xc1, 0xe0, 0xf,
    0xfe, 0xe9, 0x0, 0x7f, 0xf0, 0x48, 0x8, 0x3,
    0xff, 0x82, 0x40, 0x1f, 0xfd, 0xd1, 0x0, 0xff,
    0xe0, 0xf0, 0x30, 0x7, 0xff, 0x5, 0xc0, 0x3f,
    0xfb, 0x86, 0x1, 0xff, 0xc2, 0x20, 0x20, 0xf,
    0xfe, 0x9, 0x8, 0x7, 0xff, 0x6d, 0x0, 0x3f,
    0xf8, 0x4c, 0x1a, 0x1, 0xff, 0xc2, 0x40, 0xf,
    0xfe, 0xde, 0x0, 0x7f, 0xf0, 0x44, 0x81, 0x0,
    0x3f, 0xf8, 0x58, 0x1, 0xff, 0xdb, 0x40, 0xf,
    0xfe, 0xa, 0x80, 0x4, 0x40, 0x1f, 0xfc, 0x17,
    0x0, 0xff, 0xed, 0x28, 0x7, 0xff, 0xb, 0x0,
    0x27, 0x0, 0xff, 0xe0, 0x8a, 0x80, 0x7f, 0xf6,
    0x78, 0x3, 0xff, 0x84, 0x60, 0x16, 0x0, 0x7f,
    0xf0, 0xb8, 0x3, 0xff, 0xb0, 0x28, 0x1, 0xff,
    0xc1, 0x14, 0x0, 0x90, 0x3, 0xff, 0x84, 0x86,
    0x1, 0xff, 0xd7, 0x80, 0xf, 0xfe, 0x12, 0x0,
    0x61, 0x40, 0xf, 0xfe, 0x14, 0x0, 0x7f, 0xf5,
    0x85, 0x80, 0x3f, 0xf8, 0x5e, 0x1, 0xdc, 0x1,
    0xff, 0xc2, 0x44, 0x0, 0x7f, 0xf5, 0x6c, 0x3,
    0xff, 0x86, 0xa0, 0x1c, 0xa2, 0x1, 0xff, 0xc2,
    0xa1, 0x0, 0xff, 0xe9, 0xaa, 0x80, 0x3f, 0xf8,
    0x4e, 0x1, 0xf3, 0x0, 0x7f, 0xf0, 0x86, 0x80,
    0x3f, 0xfa, 0x45, 0x60, 0x1f, 0xfc, 0x3a, 0x0,
    0xfa, 0x40, 0x3f, 0xf8, 0x69, 0x20, 0x1f, 0xfd,
    0x1, 0xf1, 0x0, 0xff, 0xe1, 0x21, 0x0, 0x7c,
    0x2c, 0x1, 0xff, 0xc3, 0x68, 0x0, 0xff, 0xe7,
    0xe, 0x10, 0x7, 0xff, 0xe, 0x0, 0x3f, 0xa0,
    0x3, 0xff, 0x88, 0xf6, 0x1, 0xff, 0xcc, 0x3f,
    0x20, 0xf, 0xfe, 0x1b, 0x18, 0x7, 0xf0, 0xc8,
    0x7, 0xff, 0x11, 0x34, 0xc0, 0x3f, 0xf9, 0x2f,
    0x82, 0x1, 0xff, 0xc4, 0x80, 0xf, 0xf9, 0x88,
    0x3, 0xff, 0x88, 0x59, 0x44, 0x1, 0xff, 0xc5,
    0x4d, 0x80, 0xf, 0xfe, 0x2c, 0x88, 0x7, 0xff,
    0x3, 0xc0, 0x3f, 0xf8, 0xcb, 0xb8, 0xc2, 0x1,
    0xff, 0x14, 0x75, 0x90, 0x7, 0xff, 0x15, 0x18,
    0x3, 0xff, 0x82, 0x52, 0x1, 0xff, 0xc7, 0x39,
    0xee, 0x5c, 0x3b, 0x31, 0xe2, 0x73, 0xf5, 0xc4,
    0x3, 0xff, 0x8c, 0x34, 0x1, 0xff, 0xc3, 0x65,
    0x0, 0xff, 0xe4, 0x8a, 0x3c, 0x4c, 0xa1, 0xd8,
    0xc0, 0x3f, 0xf9, 0x5a, 0x20, 0x1f, 0xfc, 0x4a,
    0x40, 0xf, 0xff, 0x3d, 0x98, 0x7, 0xff, 0x1a,
    0xcc, 0x3, 0xff, 0xcb, 0x68, 0x1, 0xff, 0xc8,
    0xd3, 0x0, 0xff, 0xf1, 0x92, 0x0, 0x7f, 0xf2,
    0x47, 0x14, 0x3, 0xff, 0xc4, 0x4e, 0x1, 0xff,
    0xcb, 0xa8, 0x0, 0xff, 0xf1, 0x41, 0x0, 0x7f,
    0xf2, 0xdf, 0x4c, 0x3, 0xff, 0xc3, 0xc0, 0x1f,
    0xfc, 0xc2, 0xc9, 0x10, 0xf, 0xfe, 0xf9, 0xb0,
    0x7, 0xff, 0x35, 0xba, 0x4, 0x3, 0xff, 0xbd,
    0x22, 0x1, 0xff, 0xce, 0x7e, 0xa4, 0x0, 0xff,
    0xee, 0xd8, 0x7, 0xff, 0x41, 0x6f, 0xa5, 0x44,
    0x3, 0xff, 0x8e, 0x4f, 0x78, 0x1, 0xff, 0xc2,
    0x54, 0x0, 0xff, 0xe8, 0x8b, 0x57, 0x6d, 0x43,
    0x19, 0x8, 0x80, 0x21, 0x11, 0xab, 0x4e, 0x7e,
    0xc2, 0x1b, 0x80, 0x7f, 0xf0, 0xa8, 0x3, 0xff,
    0xaa, 0x4a, 0xf3, 0x9b, 0xdc, 0xff, 0xbb, 0x99,
    0x52, 0xc6, 0x1, 0xd0, 0x40, 0x1f, 0xfc, 0x11,
    0x90, 0xf, 0xff, 0x67, 0x0, 0x7f, 0xf0, 0x98,
    0xc0, 0x3f, 0xfd, 0x66, 0xc0, 0x1f, 0xfc, 0x2e,
    0x0, 0xff, 0xf6, 0x40, 0x80, 0x7f, 0xf0, 0x4a,
    0x0, 0x3f, 0xfd, 0x63, 0x60, 0x1f, 0xfc, 0x27,
    0x20, 0xf, 0xff, 0x5a, 0xa0, 0x7, 0xff, 0xb,
    0x80, 0x3f, 0xfd, 0x94, 0x1, 0xff, 0xc2, 0x36,
    0x0,

    /* U+0052 "R" */
    0x7f, 0xff, 0xfe, 0xaf, 0x6d, 0xcb, 0x18, 0x7,
    0xff, 0x9c, 0x49, 0x1a, 0x73, 0xed, 0x40, 0x3f,
    0xfd, 0x69, 0x5f, 0x2, 0x1, 0xff, 0xeb, 0x7e,
    0x80, 0xf, 0xff, 0x63, 0xe1, 0x0, 0x7f, 0xfa,
    0xcf, 0x4c, 0x3, 0xff, 0xd9, 0x86, 0x1, 0xff,
    0xec, 0xd1, 0x0, 0xff, 0xf5, 0x8e, 0x80, 0x7f,
    0xfb, 0xd, 0xc0, 0x3f, 0xfd, 0x92, 0x1, 0xff,
    0xec, 0x17, 0x0, 0xff, 0xe2, 0xb4, 0xcf, 0xff,
    0x12, 0x1d, 0x4, 0x3, 0xff, 0x8d, 0x40, 0x1f,
    0xfc, 0x5c, 0x66, 0xff, 0xe2, 0x3c, 0x5f, 0x63,
    0x0, 0x7f, 0xf1, 0x8, 0xc0, 0x3f, 0xfb, 0x27,
    0x3a, 0x60, 0x1f, 0xfc, 0x3b, 0x0, 0xff, 0xed,
    0x96, 0x18, 0x7, 0xff, 0x8, 0xc0, 0x3f, 0xfb,
    0xb8, 0x20, 0x1f, 0xfc, 0x15, 0x0, 0xff, 0xef,
    0x40, 0x7, 0xff, 0x4, 0x44, 0x1, 0xff, 0xdd,
    0x60, 0xf, 0xfe, 0x11, 0x80, 0x7f, 0xf7, 0x90,
    0x3, 0xff, 0x82, 0x20, 0x1f, 0xfd, 0xe3, 0x0,
    0xff, 0xe0, 0xb8, 0x7, 0xff, 0x7b, 0xc0, 0x3f,
    0xf8, 0x22, 0x1, 0xff, 0xde, 0x10, 0xf, 0xfe,
    0x8, 0x80, 0x7f, 0xf7, 0xb8, 0x3, 0xff, 0x82,
    0xe0, 0x1f, 0xfd, 0xe2, 0x0, 0xff, 0xe0, 0x88,
    0x7, 0xff, 0x79, 0x0, 0x3f, 0xf8, 0x26, 0x1,
    0xff, 0xdd, 0x31, 0x0, 0xff, 0xe0, 0x8, 0x80,
    0x3f, 0xfb, 0xbe, 0x1, 0xff, 0xc1, 0x50, 0xf,
    0xfe, 0xeb, 0x98, 0x7, 0xff, 0x7, 0x0, 0x3f,
    0xfb, 0x8f, 0x0, 0x1f, 0xfc, 0x25, 0x0, 0xff,
    0xed, 0x26, 0x40, 0x7, 0xff, 0x8, 0x88, 0x1,
    0xff, 0xc4, 0x31, 0x1f, 0xfe, 0x21, 0x1b, 0x4e,
    0xd9, 0x80, 0x7f, 0xf0, 0xec, 0x3, 0xff, 0x8b,
    0x3d, 0xdf, 0xfc, 0x4d, 0xc9, 0x62, 0x0, 0xff,
    0xe2, 0xb, 0x0, 0x7f, 0xfa, 0xe0, 0x3, 0xff,
    0xd6, 0x6c, 0x1, 0xff, 0xea, 0x1d, 0x0, 0xff,
    0xf5, 0xd0, 0x80, 0x7f, 0xfa, 0xa9, 0x0, 0x3f,
    0xfd, 0x54, 0xa0, 0x1f, 0xfe, 0x92, 0xd5, 0x0,
    0xff, 0xf4, 0xbe, 0x90, 0x7, 0xff, 0xa7, 0x60,
    0x3, 0xff, 0xd6, 0x20, 0x1f, 0xfe, 0xc9, 0x0,
    0xff, 0xe7, 0x57, 0xff, 0xff, 0xf, 0x40, 0x3f,
    0xf8, 0x2a, 0x20, 0x1f, 0xfd, 0xd2, 0x40, 0xf,
    0xfe, 0xb, 0x0, 0x7f, 0xf7, 0xb8, 0x3, 0xff,
    0x83, 0x40, 0x1f, 0xfd, 0xe5, 0x10, 0xf, 0xfe,
    0x1, 0x20, 0x7, 0xff, 0x79, 0x80, 0x3f, 0xf8,
    0x3e, 0x1, 0xff, 0xde, 0xa0, 0xf, 0xfe, 0xa,
    0x8, 0x7, 0xff, 0x74, 0x8c, 0x3, 0xff, 0x83,
    0x20, 0x1f, 0xfd, 0xea, 0x0, 0xff, 0xe0, 0xb0,
    0x7, 0xff, 0x79, 0x80, 0x3f, 0xf8, 0x22, 0xa0,
    0x1f, 0xfd, 0xe6, 0x0, 0xff, 0xe0, 0xc8, 0x7,
    0xff, 0x7a, 0x80, 0x3f, 0xf8, 0x26, 0x40, 0x1f,
    0xfd, 0xd3, 0x30, 0x7, 0xff, 0x6, 0xc0, 0x3f,
    0xfb, 0xd4, 0x1, 0xff, 0xc1, 0x60, 0xf, 0xfe,
    0xf3, 0x0, 0x7f, 0xf0, 0x98, 0x3, 0xff, 0xbc,
    0xc0, 0x1f, 0xfc, 0x1a, 0x0, 0xff, 0xef, 0x50,
    0x7, 0xff, 0x4, 0xcc, 0x1, 0xff, 0xdd, 0x32,
    0x0, 0xff, 0xe0, 0xc8, 0x7, 0xff, 0x7a, 0x80,
    0x3f, 0xf8, 0x2a, 0x20, 0x1f, 0xfd, 0xd6, 0x0,
    0xff, 0xe1, 0x30, 0x7, 0xff, 0x74, 0x54, 0x3,
    0xff, 0x83, 0x40, 0x1f, 0xfd, 0xee, 0x0, 0xff,
    0xe0, 0x92, 0x0, 0x7f, 0xf7, 0x50, 0x80, 0x3f,
    0xf8, 0x3c, 0x1, 0xff, 0xde, 0xa0, 0xf, 0xfe,
    0xa, 0x88, 0x7, 0xff, 0x75, 0x80, 0x3f, 0xf8,
    0x52, 0x1, 0xff, 0xdd, 0x14, 0x0, 0xff, 0xe0,
    0xb0, 0x7, 0xff, 0x7b, 0xc0, 0x3f, 0xf8, 0x22,
    0xa0, 0x1f, 0xfd, 0xd4, 0x10, 0xf, 0xfe, 0xf,
    0x0, 0x7f, 0xf7, 0x98, 0x3, 0xff, 0x82, 0x84,
    0x1, 0xff, 0xdd, 0x90, 0xf, 0xfe, 0x15, 0x23,
    0xbf, 0xff, 0x8, 0x3, 0xff, 0x9c, 0x32, 0xef,
    0xff, 0xc1, 0xe0,

    /* U+0053 "S" */
    0x0, 0xff, 0xe4, 0xa, 0xbd, 0x66, 0xf7, 0xfd,
    0xdb, 0x95, 0xa, 0x40, 0x1f, 0xfd, 0xc4, 0x9d,
    0xea, 0x85, 0x32, 0x10, 0x8, 0x48, 0xd5, 0xeb,
    0x7a, 0x94, 0x3, 0xff, 0xac, 0x31, 0xd6, 0xc4,
    0x1, 0xff, 0xc5, 0x15, 0xaf, 0xa4, 0x0, 0xff,
    0xe8, 0x8c, 0xf3, 0x88, 0x7, 0xff, 0x31, 0x6f,
    0x14, 0x3, 0xff, 0x9c, 0xdc, 0xc0, 0x1f, 0xfd,
    0x13, 0xac, 0x20, 0xf, 0xfe, 0x5d, 0xc8, 0x7,
    0xff, 0x54, 0xf6, 0x0, 0x3f, 0xf9, 0x3, 0xa8,
    0x1, 0xff, 0xd8, 0x7b, 0x10, 0xf, 0xfe, 0x28,
    0xe1, 0x0, 0x7f, 0xf6, 0x93, 0x8, 0x3, 0xff,
    0x89, 0xa4, 0x1, 0xff, 0xdc, 0x2c, 0x20, 0xf,
    0xfe, 0x15, 0x18, 0x7, 0xff, 0x78, 0x70, 0x40,
    0x3f, 0xf8, 0x8, 0xa0, 0x1f, 0xfe, 0x1, 0xc0,
    0xf, 0xfe, 0x4, 0x80, 0x7f, 0xf2, 0x4, 0x88,
    0x20, 0x1f, 0xfc, 0xa2, 0x90, 0xf, 0xf3, 0x10,
    0x7, 0xff, 0x11, 0x27, 0x3f, 0xb7, 0x5d, 0xfe,
    0xb8, 0x30, 0xf, 0xfe, 0x33, 0x20, 0x7, 0xf5,
    0x0, 0x7f, 0xf0, 0xd7, 0x6d, 0x8c, 0x3, 0xe4,
    0x7c, 0xd6, 0x0, 0xff, 0xe2, 0xc8, 0x7, 0xe2,
    0x30, 0xf, 0xfe, 0x8, 0xdd, 0x10, 0x7, 0xff,
    0x4, 0xa7, 0x50, 0x3, 0xff, 0x86, 0x4c, 0x1,
    0xf2, 0x80, 0x7f, 0xf0, 0xb1, 0x0, 0x3f, 0xf8,
    0xa5, 0x70, 0x1, 0xff, 0xc3, 0x80, 0xf, 0xb4,
    0x3, 0xff, 0x83, 0x4, 0x1, 0xff, 0xc8, 0x79,
    0x0, 0xff, 0xe1, 0xa, 0x80, 0x79, 0x0, 0x3f,
    0xf8, 0x2e, 0x1, 0xff, 0xca, 0x66, 0x0, 0x7f,
    0xf0, 0xbc, 0x3, 0xc2, 0x1, 0xff, 0xc0, 0x40,
    0xf, 0xfe, 0x64, 0x88, 0x7, 0xff, 0x5, 0x40,
    0x38, 0x40, 0x3f, 0xf8, 0x24, 0x1, 0xff, 0xcd,
    0x80, 0xf, 0xfe, 0x12, 0x0, 0x63, 0x0, 0xff,
    0xe0, 0x88, 0x7, 0xff, 0x35, 0x84, 0x3, 0xff,
    0x83, 0x80, 0x18, 0x40, 0x3f, 0xf8, 0x22, 0x1,
    0xff, 0xce, 0x70, 0xf, 0xfe, 0x9, 0x80, 0x7f,
    0xf1, 0x94, 0x3, 0xff, 0x9d, 0xa0, 0x1f, 0xfc,
    0x15, 0x0, 0xc2, 0x1, 0xff, 0xc1, 0x32, 0x0,
    0xff, 0xe6, 0xa6, 0xef, 0xff, 0x7, 0x0, 0x31,
    0x0, 0x7f, 0xf0, 0xa4, 0x3, 0xff, 0x9c, 0x45,
    0xff, 0xc2, 0x0, 0xe1, 0x0, 0xff, 0xe0, 0xa5,
    0x0, 0x7f, 0xf8, 0x14, 0x3, 0xff, 0x84, 0xba,
    0x60, 0x1f, 0xfd, 0xec, 0x0, 0xff, 0xe1, 0x96,
    0x51, 0x80, 0x7f, 0xf7, 0x14, 0x3, 0xff, 0x8a,
    0xb9, 0x87, 0x20, 0xf, 0xfe, 0xc9, 0x18, 0x7,
    0xff, 0x18, 0xe3, 0x75, 0x2a, 0x20, 0x1f, 0xfd,
    0x68, 0x0, 0xff, 0xe4, 0x93, 0x57, 0x6c, 0xa8,
    0x80, 0x7f, 0xf4, 0x91, 0x40, 0x3f, 0xf9, 0x84,
    0xd5, 0xdb, 0x2c, 0x40, 0x1f, 0xfc, 0xfb, 0x10,
    0xf, 0xfe, 0x79, 0x34, 0xee, 0xa5, 0x40, 0x3f,
    0xf9, 0x83, 0x82, 0x1, 0xff, 0xd2, 0x26, 0xaf,
    0xc6, 0x10, 0xf, 0xfe, 0x49, 0x68, 0x80, 0x7f,
    0xf5, 0x4e, 0x7a, 0xd8, 0x3, 0xff, 0x90, 0x78,
    0x40, 0x1f, 0xfd, 0x74, 0x9e, 0x70, 0xf, 0xfe,
    0x39, 0x6b, 0x80, 0x7f, 0xf6, 0x6, 0x39, 0xc0,
    0x3f, 0xf8, 0xf1, 0xac, 0x1, 0xff, 0xd8, 0x18,
    0xd3, 0x0, 0xff, 0xe3, 0x14, 0xeb, 0x0, 0x7f,
    0xf6, 0xb, 0x1c, 0x3, 0xff, 0x8e, 0x53, 0xf2,
    0x80, 0x1f, 0xfd, 0x78, 0x90, 0xf, 0xfe, 0x4b,
    0x5f, 0x4a, 0x88, 0x7, 0xff, 0x51, 0xa0, 0x3,
    0xff, 0x94, 0x2d, 0x5d, 0xb2, 0xa2, 0x1, 0xff,
    0xd1, 0x76, 0x0, 0xff, 0xe6, 0x93, 0x57, 0x64,
    0x20, 0x80, 0x7f, 0xf3, 0xa4, 0x80, 0x3f, 0xfa,
    0x6, 0xf7, 0xdb, 0x2c, 0x40, 0x1f, 0xfc, 0xb9,
    0x0, 0xff, 0xea, 0x13, 0x4e, 0xea, 0x50, 0x3,
    0xff, 0x90, 0x86, 0x1, 0xff, 0xd7, 0x26, 0xbf,
    0xa4, 0x0, 0xff, 0xe3, 0x48, 0x7, 0xff, 0x6d,
    0x6f, 0x50, 0x3, 0xff, 0x88, 0xa0, 0x1f, 0xfd,
    0xd2, 0xba, 0x0, 0xff, 0xe2, 0x20, 0x7, 0xff,
    0x79, 0x70, 0x3, 0xff, 0x86, 0x60, 0x1f, 0xfd,
    0xf3, 0xb0, 0xf, 0xfe, 0x16, 0x89, 0x17, 0xff,
    0x4, 0x40, 0x3f, 0xfa, 0x28, 0x80, 0xf, 0xfe,
    0xb, 0x4e, 0xef, 0xff, 0x7, 0x0, 0x3f, 0xfa,
    0x5c, 0x1, 0xff, 0xc1, 0x1e, 0x0, 0xff, 0xe0,
    0x90, 0x80, 0x7f, 0xf4, 0x50, 0x3, 0xff, 0x82,
    0x64, 0x1, 0xff, 0xc2, 0x70, 0xf, 0xfe, 0x88,
    0x80, 0x7f, 0xf0, 0x45, 0x40, 0x3f, 0xf8, 0x54,
    0x1, 0xff, 0xdf, 0x11, 0x10, 0x7, 0xff, 0x4,
    0xcc, 0x1, 0xff, 0xd0, 0x10, 0xf, 0xfe, 0x9,
    0x82, 0x0, 0x7f, 0xf0, 0xbc, 0x3, 0xff, 0xa0,
    0x40, 0x1f, 0xfc, 0x11, 0xd, 0x0, 0xff, 0xe1,
    0x1b, 0x0, 0x7f, 0xf3, 0xec, 0x3, 0xff, 0x82,
    0xc0, 0x82, 0x1, 0xff, 0xc2, 0x93, 0x0, 0xff,
    0xe7, 0x28, 0x7, 0xff, 0x7, 0x40, 0xc, 0x1,
    0xff, 0xc3, 0xd3, 0x0, 0xff, 0xe6, 0x39, 0x0,
    0x7f, 0xf0, 0x50, 0x1, 0x40, 0x1f, 0xfc, 0x31,
    0xc6, 0x0, 0xff, 0xe5, 0x24, 0x0, 0x7f, 0xf0,
    0x8c, 0x0, 0x4c, 0x1, 0xff, 0xc4, 0x9a, 0x20,
    0xf, 0xfe, 0x3b, 0xd8, 0x7, 0xff, 0x9, 0x80,
    0x34, 0x0, 0x7f, 0xf1, 0x57, 0x64, 0xc0, 0x3f,
    0xf8, 0x6b, 0xb0, 0x1, 0xff, 0xc3, 0xa0, 0xc,
    0x34, 0x1, 0xff, 0xc6, 0x6c, 0xd9, 0x52, 0x0,
    0xf8, 0x96, 0x7a, 0x88, 0x3, 0xff, 0x86, 0x66,
    0x0, 0xe5, 0x50, 0x7, 0xff, 0x1c, 0x9a, 0xb7,
    0xfb, 0x76, 0xef, 0xda, 0x61, 0x0, 0xff, 0xe2,
    0xc0, 0x7, 0xd4, 0x60, 0x1f, 0xfc, 0xb1, 0x22,
    0x84, 0x3, 0xff, 0x92, 0xa8, 0x1, 0xfb, 0x48,
    0x3, 0xff, 0xc6, 0x36, 0x1, 0xfc, 0x3e, 0x40,
    0x1f, 0xfe, 0x2d, 0x10, 0xf, 0xf1, 0x61, 0x80,
    0x7f, 0xf8, 0x2c, 0xc0, 0x3f, 0xf8, 0x3, 0x8c,
    0x1, 0xff, 0xde, 0xc4, 0x0, 0xff, 0xe1, 0xcd,
    0x90, 0x7, 0xff, 0x68, 0xb4, 0xc0, 0x3f, 0xf8,
    0xa9, 0xb0, 0x1, 0xff, 0xd8, 0x7d, 0x20, 0xf,
    0xfe, 0x43, 0xfc, 0x8, 0x7, 0xff, 0x4d, 0x36,
    0x0, 0x3f, 0xf9, 0x8f, 0xd4, 0xa0, 0x1f, 0xfc,
    0xf5, 0xdb, 0x20, 0xf, 0xfe, 0x7a, 0xd7, 0xdb,
    0x10, 0x7, 0xff, 0x1c, 0x56, 0xbe, 0x88, 0x3,
    0xff, 0xa8, 0x93, 0xbf, 0x92, 0xe8, 0x62, 0x1,
    0xc2, 0x48, 0xb1, 0x5b, 0xd4, 0xa0, 0x1f, 0xfc,
    0x30,

    /* U+0054 "T" */
    0x6, 0x6f, 0xff, 0x71, 0x4, 0xcf, 0xff, 0xb9,
    0x0, 0x3f, 0xff, 0xe0, 0x1f, 0xff, 0xf0, 0xf,
    0xff, 0xf8, 0x7, 0xff, 0xfc, 0x3, 0xff, 0xfe,
    0x1, 0xff, 0xff, 0x0, 0xff, 0xff, 0x80, 0x7f,
    0xff, 0xc0, 0x3f, 0xfe, 0x3f, 0xff, 0xfc, 0xa5,
    0x0, 0xff, 0xe0, 0xef, 0xff, 0xff, 0x25, 0x80,
    0x3f, 0xff, 0xe0, 0x1f, 0xff, 0xf0, 0xf, 0xff,
    0xf8, 0x7, 0xff, 0xfc, 0x3, 0xff, 0xfe, 0x1,
    0xff, 0xff, 0x0, 0xff, 0xff, 0x80, 0x7f, 0xff,
    0xc0, 0x3f, 0xff, 0xe0, 0x1f, 0xff, 0xf0, 0xf,
    0xff, 0xf8, 0x7, 0xff, 0xfc, 0x3, 0xff, 0xfe,
    0x1, 0xff, 0xff, 0x0, 0xff, 0xff, 0x80, 0x7f,
    0xff, 0xc0, 0x3f, 0xff, 0xe0, 0x1f, 0xff, 0xf0,
    0xf, 0xff, 0xf8, 0x7, 0xff, 0xfc, 0x3, 0xff,
    0xfe, 0x1, 0xff, 0xff, 0x0, 0xff, 0xff, 0x80,
    0x7f, 0xff, 0xc0, 0x3f, 0xff, 0xe0, 0x1f, 0xff,
    0xf0, 0xf, 0xff, 0xf8, 0x7, 0xff, 0xfc, 0x3,
    0xff, 0xfe, 0x1, 0xff, 0xff, 0x0, 0xff, 0xff,
    0x80, 0x7f, 0xff, 0xc0, 0x3f, 0xff, 0xe0, 0x1f,
    0xff, 0xf0, 0xf, 0xff, 0xf8, 0x7, 0xff, 0xfc,
    0x3, 0xff, 0xfe, 0x1, 0xff, 0xff, 0x0, 0xff,
    0xff, 0x80, 0x7f, 0xff, 0xc0, 0x3f, 0xff, 0xe0,
    0x1f, 0xff, 0xf0, 0xf, 0xff, 0xf8, 0x7, 0xff,
    0xfc, 0x3, 0xff, 0xfe, 0x1, 0xff, 0xff, 0x0,
    0xff, 0xff, 0x80, 0x7f, 0xff, 0xc0,

    /* U+0055 "U" */
    0x18, 0x8f, 0xfe, 0xa, 0x80, 0x7f, 0xf4, 0xe2,
    0x3f, 0xf8, 0x2e, 0x4e, 0xff, 0xfc, 0x1e, 0x0,
    0xff, 0xe9, 0xbb, 0xff, 0xf0, 0x64, 0x3, 0xff,
    0xfe, 0x1, 0xff, 0xff, 0x0, 0xff, 0xff, 0x80,
    0x7f, 0xff, 0xc0, 0x3f, 0xff, 0xe0, 0x1f, 0xff,
    0xf0, 0xf, 0xff, 0xf8, 0x7, 0xff, 0xfc, 0x3,
    0xff, 0xfe, 0x1, 0xff, 0xff, 0x0, 0xff, 0xff,
    0x80, 0x7f, 0xff, 0xc0, 0x3f, 0xff, 0xe0, 0x1f,
    0xff, 0xf0, 0xf, 0xff, 0xf8, 0x7, 0xff, 0xfc,
    0x3, 0xff, 0xfe, 0x1, 0xff, 0xff, 0x0, 0xff,
    0xff, 0x80, 0x7f, 0xff, 0xc0, 0x3f, 0xff, 0xe0,
    0x1f, 0xff, 0xf0, 0xf, 0xff, 0xf8, 0x7, 0xff,
    0xfc, 0x3, 0xff, 0xfe, 0x1, 0xff, 0xff, 0x0,
    0xff, 0xff, 0x80, 0x7f, 0xff, 0xc0, 0x3f, 0xff,
    0xe0, 0x1f, 0xff, 0xf0, 0xf, 0xff, 0xf8, 0x7,
    0xff, 0xfc, 0x3, 0xff, 0xfe, 0x1, 0xff, 0xff,
    0x0, 0xff, 0xff, 0x80, 0x7f, 0xff, 0xc0, 0x3f,
    0xfd, 0xe6, 0x20, 0x1f, 0xfe, 0x1, 0x0, 0xff,
    0xe8, 0x38, 0x7, 0xff, 0x48, 0xc0, 0x3f, 0xf8,
    0x22, 0x60, 0x1f, 0xfc, 0x12, 0x0, 0xff, 0xe9,
    0x30, 0x7, 0xff, 0x5, 0xc4, 0x3, 0xff, 0x82,
    0x22, 0x0, 0xff, 0xe8, 0x90, 0x7, 0xff, 0x4,
    0x40, 0x80, 0x3f, 0xf8, 0x2a, 0x1, 0xff, 0xd1,
    0xc0, 0xf, 0xfe, 0xe, 0x83, 0x0, 0x7f, 0xf0,
    0x70, 0x3, 0xff, 0xa2, 0x80, 0x1f, 0xfc, 0x12,
    0x3, 0x0, 0xff, 0xe0, 0xb0, 0x7, 0xff, 0x40,
    0xc4, 0x3, 0xff, 0x82, 0xc1, 0xa0, 0x1f, 0xfc,
    0x11, 0x40, 0xf, 0xfe, 0x7c, 0x80, 0x7f, 0xf0,
    0x8c, 0x10, 0x3, 0xff, 0x85, 0x0, 0x1f, 0xfc,
    0xe2, 0x50, 0xf, 0xfe, 0xa, 0x0, 0x4, 0xc0,
    0x3f, 0xf8, 0x26, 0xe0, 0x1f, 0xfc, 0xde, 0x0,
    0xff, 0xe1, 0x60, 0x4, 0x80, 0x1f, 0xfc, 0x28,
    0x40, 0xf, 0xfe, 0x5c, 0x98, 0x7, 0xff, 0x9,
    0x40, 0x2a, 0x0, 0xff, 0xe1, 0xdb, 0x0, 0x7f,
    0xf2, 0x69, 0x80, 0x3f, 0xf8, 0x46, 0x40, 0x11,
    0x20, 0x7, 0xff, 0xe, 0x6c, 0x80, 0x3f, 0xf8,
    0xa9, 0xaa, 0x1, 0xff, 0xc3, 0x90, 0xe, 0xf0,
    0xf, 0xfe, 0x22, 0x6d, 0x20, 0x7, 0xff, 0x0,
    0x5b, 0x2c, 0x80, 0x3f, 0xf8, 0x62, 0xa0, 0x1c,
    0x86, 0x1, 0xff, 0xc5, 0x5b, 0xfc, 0xa8, 0x76,
    0x69, 0xe2, 0xf7, 0xa4, 0xc0, 0x3f, 0xf8, 0xb0,
    0x1, 0xf7, 0x80, 0x7f, 0xf2, 0xd, 0x5e, 0x26,
    0x68, 0x74, 0x20, 0xf, 0xfe, 0x39, 0xb0, 0x7,
    0xc6, 0xc0, 0x1f, 0xfe, 0x5f, 0x0, 0xfe, 0x93,
    0x0, 0xff, 0xf1, 0xc1, 0x80, 0x7f, 0xb4, 0x40,
    0x3f, 0xfc, 0x2a, 0xe0, 0x1f, 0xf0, 0xe0, 0x80,
    0x7f, 0xf7, 0xd2, 0x80, 0x3f, 0xf8, 0x25, 0xe4,
    0x1, 0xff, 0xdd, 0x6b, 0x0, 0xff, 0xe1, 0x8e,
    0x20, 0x7, 0xff, 0x6e, 0x24, 0x3, 0xff, 0x8a,
    0x37, 0x42, 0x1, 0xff, 0xd7, 0x4d, 0x70, 0xf,
    0xfe, 0x42, 0xfb, 0x0, 0x7f, 0xf5, 0xa, 0xac,
    0x80, 0x3f, 0xf9, 0x43, 0x3f, 0x4, 0x1, 0xff,
    0xcf, 0x4b, 0xd5, 0x0, 0xff, 0xe7, 0xbe, 0xe4,
    0x18, 0x7, 0xff, 0x20, 0x56, 0x7a, 0xd0, 0x3,
    0xff, 0xa6, 0x6f, 0x9f, 0x94, 0xea, 0x64, 0x22,
    0x0, 0x84, 0x88, 0x6d, 0x15, 0xbd, 0x4c, 0x20,
    0x1f, 0xfc, 0x40,

    /* U+0056 "V" */
    0x8f, 0xff, 0xfe, 0xf, 0x0, 0x7f, 0xf6, 0x63,
    0xff, 0xff, 0x83, 0xc1, 0x60, 0x1f, 0xfc, 0x11,
    0x40, 0xf, 0xfe, 0xc3, 0x0, 0x7f, 0xf0, 0x5c,
    0xc, 0x80, 0x3f, 0xf8, 0x3a, 0x1, 0xff, 0xd7,
    0x31, 0x0, 0xff, 0xe0, 0xd0, 0x2, 0x80, 0x3f,
    0xf8, 0x2e, 0x1, 0xff, 0xd7, 0xb0, 0xf, 0xfe,
    0x9, 0x18, 0x1, 0x40, 0x3f, 0xf8, 0x22, 0x80,
    0x1f, 0xfd, 0x65, 0x0, 0xff, 0xe0, 0xa8, 0x4,
    0x46, 0x1, 0xff, 0xc1, 0xd0, 0xf, 0xfe, 0xa9,
    0x90, 0x7, 0xff, 0x6, 0x80, 0x35, 0x0, 0x7f,
    0xf0, 0x5c, 0x3, 0xff, 0xab, 0x60, 0x1f, 0xfc,
    0x13, 0x20, 0xc, 0xe0, 0x1f, 0xfc, 0x11, 0x30,
    0xf, 0xfe, 0xa2, 0x80, 0x7f, 0xf0, 0x6c, 0x3,
    0x85, 0x0, 0x3f, 0xf8, 0x36, 0x1, 0xff, 0xd3,
    0x22, 0x0, 0x7f, 0xf0, 0x58, 0x3, 0xdc, 0x1,
    0xff, 0xc1, 0x60, 0xf, 0xfe, 0x9a, 0x80, 0x7f,
    0xf0, 0x50, 0x40, 0x3c, 0xa0, 0x1f, 0xfc, 0x11,
    0x30, 0xf, 0xfe, 0x95, 0x0, 0x7f, 0xf0, 0x74,
    0x3, 0xf2, 0x80, 0x7f, 0xf0, 0x6c, 0x3, 0xff,
    0xa2, 0x44, 0x0, 0xff, 0xe0, 0xb8, 0x7, 0xee,
    0x0, 0xff, 0xe0, 0xa8, 0x7, 0xff, 0x45, 0x40,
    0x3f, 0xf8, 0x2a, 0x20, 0x1f, 0x90, 0x40, 0x3f,
    0xf8, 0x4, 0x60, 0x1f, 0xfd, 0xb, 0x0, 0xff,
    0xe0, 0xf8, 0x7, 0xf9, 0xc0, 0x3f, 0xf8, 0x36,
    0x1, 0xff, 0xcf, 0x23, 0x0, 0xff, 0xe0, 0xa8,
    0x7, 0xfa, 0x80, 0x3f, 0xf8, 0x2a, 0x1, 0xff,
    0xcf, 0x50, 0xf, 0xfe, 0xb, 0x0, 0x7f, 0xc6,
    0x20, 0x1f, 0xfc, 0x2, 0x20, 0x7, 0xff, 0x3a,
    0xc0, 0x3f, 0xf8, 0x3a, 0x1, 0xff, 0xc0, 0x60,
    0xf, 0xfe, 0xd, 0x0, 0x7f, 0xf3, 0x44, 0xc0,
    0x3f, 0xf8, 0x2, 0x80, 0x1f, 0xfc, 0xa, 0x0,
    0xff, 0xe0, 0xa8, 0x7, 0xff, 0x35, 0xc0, 0x3f,
    0xf8, 0x2e, 0x1, 0xff, 0xc1, 0x22, 0x0, 0x7f,
    0xf0, 0x8, 0x80, 0x1f, 0xfc, 0xca, 0x0, 0xff,
    0xe0, 0xd0, 0x7, 0xff, 0xa, 0x80, 0x3f, 0xf8,
    0x2a, 0x1, 0xff, 0xcb, 0x13, 0x0, 0xff, 0xe0,
    0x11, 0x80, 0x7f, 0xf0, 0x98, 0x3, 0xff, 0x83,
    0x60, 0x1f, 0xfc, 0xb7, 0x0, 0xff, 0xe0, 0xa8,
    0x7, 0xff, 0xc, 0x4c, 0x3, 0xff, 0x80, 0x64,
    0x1, 0xff, 0xca, 0xd0, 0xf, 0xfe, 0xd, 0x0,
    0x7f, 0xf1, 0x28, 0x3, 0xff, 0x82, 0xa0, 0x1f,
    0xfc, 0x91, 0x40, 0xf, 0xfe, 0x1, 0x90, 0x7,
    0xff, 0x11, 0xc0, 0x3f, 0xf8, 0x36, 0x1, 0xff,
    0xc9, 0x70, 0xf, 0xfe, 0xd, 0x80, 0x7f, 0xf1,
    0x45, 0x0, 0x3f, 0xf8, 0x6, 0x20, 0x1f, 0xfc,
    0x8d, 0x0, 0xff, 0xe0, 0xb0, 0x7, 0xff, 0x1b,
    0x80, 0x3f, 0xf8, 0x2c, 0x1, 0xff, 0xc7, 0x14,
    0x0, 0xff, 0xe0, 0x20, 0x80, 0x7f, 0xf1, 0x94,
    0x3, 0xff, 0x83, 0x60, 0x1f, 0xfc, 0x74, 0x0,
    0xff, 0xe0, 0xe8, 0x7, 0xff, 0x21, 0x40, 0x3f,
    0xf8, 0x6, 0x20, 0x1f, 0xfc, 0x6e, 0x0, 0xff,
    0xe0, 0xb0, 0x7, 0xff, 0x23, 0x80, 0x3f, 0xf8,
    0x2e, 0x1, 0xff, 0xc6, 0x40, 0xf, 0xfe, 0x2,
    0x80, 0x7f, 0xf2, 0x50, 0x40, 0x3f, 0xf8, 0x1a,
    0x1, 0xff, 0xc5, 0x50, 0xf, 0xfe, 0xf, 0x80,
    0x7f, 0xf2, 0x9c, 0x3, 0xff, 0x80, 0x82, 0x1,
    0xff, 0xc4, 0xf0, 0xf, 0xfe, 0x0, 0xa8, 0x7,
    0xff, 0x2a, 0x80, 0x3f, 0xf8, 0x2e, 0x1, 0xff,
    0xc4, 0x50, 0xf, 0xfe, 0x3, 0x80, 0x7f, 0xf2,
    0xcc, 0x80, 0x3f, 0xf8, 0x1a, 0x1, 0xff, 0xc3,
    0x50, 0xf, 0xfe, 0xe, 0x80, 0x7f, 0xf3, 0x14,
    0x3, 0xff, 0x80, 0x82, 0x1, 0xff, 0xc2, 0xf0,
    0xf, 0xfe, 0x0, 0xa0, 0x7, 0xff, 0x32, 0x80,
    0x3f, 0xf8, 0x2e, 0x1, 0xff, 0xc2, 0x50, 0xf,
    0xfe, 0x3, 0x0, 0x7f, 0xf3, 0x48, 0xc0, 0x3f,
    0xf8, 0x1a, 0x1, 0xff, 0xc1, 0x50, 0xf, 0xfe,
    0xd, 0x80, 0x7f, 0xf3, 0xac, 0x3, 0xff, 0x80,
    0x80, 0x1f, 0xfc, 0x1f, 0x0, 0xff, 0xe0, 0x11,
    0x80, 0x7f, 0xf3, 0x98, 0x3, 0xff, 0x82, 0xa0,
    0x1f, 0xfc, 0x5, 0x0, 0xff, 0xe0, 0x50, 0x7,
    0xff, 0x3c, 0x50, 0x3, 0xff, 0x81, 0xc0, 0x1f,
    0xf2, 0x0, 0x7f, 0xf0, 0x54, 0x3, 0xff, 0xa1,
    0xa0, 0x1f, 0xfc, 0x4, 0x0, 0xff, 0xb4, 0x3,
    0xff, 0x80, 0x64, 0x1, 0xff, 0xd0, 0x70, 0xf,
    0xfe, 0xa, 0x80, 0x7f, 0x9c, 0x3, 0xff, 0x81,
    0x40, 0x1f, 0xfd, 0x11, 0x50, 0xf, 0xfe, 0x7,
    0x80, 0x7f, 0x20, 0x80, 0x7f, 0xf0, 0x1c, 0x3,
    0xff, 0xa5, 0xe0, 0x1f, 0xfc, 0x5, 0x0, 0xfe,
    0xd0, 0xf, 0xfe, 0x2, 0x8, 0x7, 0xff, 0x49,
    0x40, 0x3f, 0xf8, 0x2a, 0x1, 0xf9, 0xc0, 0x3f,
    0xf8, 0x1c, 0x1, 0xff, 0xd4, 0x60, 0xf, 0xfe,
    0x7, 0x80, 0x7c, 0x82, 0x1, 0xff, 0xc0, 0x50,
    0xf, 0xfe, 0xa6, 0x80, 0x7f, 0xf0, 0x14, 0x3,
    0xed, 0x0, 0xff, 0xe0, 0x28, 0x7, 0xff, 0x55,
    0x4, 0x3, 0xff, 0x80, 0x80, 0x1e, 0x70, 0xf,
    0xfe, 0x7, 0x0, 0x7f, 0xf5, 0x98, 0x3, 0xff,
    0x81, 0xc0, 0x1c, 0x62, 0x1, 0xff, 0xa, 0x0,
    0x7f, 0xf5, 0xac, 0x3, 0xff, 0x80, 0x80, 0x1d,
    0x60, 0x1f, 0xfc, 0x7, 0x0, 0xff, 0xeb, 0x99,
    0x0, 0x7f, 0xc2, 0x80, 0x19, 0x80, 0x3f, 0xf8,
    0x14, 0x1, 0xff, 0xd8, 0x50, 0xf, 0xfe, 0x6,
    0x80, 0x46, 0x20, 0x1f, 0xf0, 0x98, 0x7, 0xff,
    0x62, 0x80, 0x3f, 0xf8, 0xe, 0x1, 0x58, 0x7,
    0xff, 0x1, 0x80, 0x3f, 0xfb, 0x24, 0x60, 0x1f,
    0xf0, 0xa0, 0x1, 0x40, 0x3f, 0xf8, 0x14, 0x1,
    0xff, 0xda, 0xb0, 0xf, 0xfe, 0x6, 0x81, 0x90,
    0x7, 0xfc, 0x44, 0x0, 0xff, 0xed, 0x30, 0x7,
    0xff, 0x1, 0xc2, 0xc0, 0x3f, 0xf8, 0x14, 0x1,
    0xff, 0xdb, 0x14, 0x0, 0xff, 0x84, 0xd4, 0x3,
    0xff, 0x80, 0xc0, 0x1f, 0xfd, 0xcd, 0x0, 0xff,
    0xe0, 0x41, 0x0, 0x7f, 0xc6, 0x20, 0x1f, 0xfd,
    0xc6, 0x0, 0xff, 0xe0, 0x20, 0x7, 0xff, 0x2,
    0x80, 0x3f, 0xfb, 0xca, 0x1, 0xff, 0xcc, 0x70,
    0xf, 0xfe, 0xf7, 0x80, 0x7f, 0xf2, 0xd0, 0x40,
    0x3f, 0xfb, 0xca, 0x20, 0x1f, 0xfc, 0xae, 0x0,
    0xff, 0xf0, 0x38, 0x7, 0xff, 0x29, 0x40, 0x3f,
    0xfc, 0x1a, 0x1, 0xff, 0xc9, 0x50, 0xf, 0xff,
    0xa, 0x8, 0x7, 0xff, 0x23, 0x80, 0x3f, 0xfc,
    0x4c, 0x1, 0xff, 0xc7, 0x14, 0x0, 0xff, 0xf1,
    0x58, 0x7, 0xff, 0x1d, 0xc0, 0x3f, 0xfc, 0x66,
    0x40, 0x1f, 0xfc, 0x6a, 0x0, 0xff, 0xf2, 0x50,
    0x7, 0xff, 0x14, 0x8c, 0x3, 0xff, 0xc8, 0xa0,
    0x1f, 0xfc, 0x55, 0x0, 0xff, 0xf2, 0x91, 0x80,
    0x7f, 0xf1, 0x28, 0x3, 0xff, 0xcd, 0x40, 0x1f,
    0xfc, 0x33, 0x20, 0xf, 0xff, 0x33, 0x80, 0x7f,
    0xf0, 0xec, 0x3, 0xff, 0x9c,

    /* U+0057 "W" */
    0x6f, 0xff, 0xfe, 0x10, 0x80, 0x7f, 0xf3, 0xdf,
    0xff, 0xff, 0x8a, 0xa0, 0x1f, 0xfc, 0xf3, 0xff,
    0xff, 0xe1, 0x22, 0x0, 0x3f, 0xf8, 0x4a, 0x1,
    0xff, 0xcf, 0xc0, 0xf, 0xfe, 0x2e, 0x80, 0x7f,
    0xf3, 0xd0, 0x3, 0xff, 0x84, 0x84, 0x20, 0x1f,
    0xfc, 0x1c, 0x0, 0xff, 0xe7, 0xa8, 0x7, 0xff,
    0x15, 0x0, 0x3f, 0xf9, 0xf8, 0x1, 0xff, 0xc1,
    0x40, 0x2, 0x0, 0x7f, 0xf0, 0x50, 0x3, 0xff,
    0x9c, 0x42, 0x1, 0xff, 0xc5, 0x30, 0xf, 0xfe,
    0x7a, 0x0, 0x7f, 0xf0, 0x70, 0x1, 0x80, 0x1f,
    0xfc, 0x13, 0x10, 0xf, 0xfe, 0x6b, 0x80, 0x7f,
    0xf1, 0xcc, 0x3, 0xff, 0x9a, 0x60, 0x1f, 0xfc,
    0x24, 0x0, 0x38, 0x7, 0xff, 0x9, 0x40, 0x3f,
    0xf9, 0xb8, 0x1, 0xff, 0xc7, 0x40, 0xf, 0xfe,
    0x6a, 0x0, 0x7f, 0xf0, 0x8c, 0x0, 0x24, 0x1,
    0xff, 0xc1, 0xc0, 0xf, 0xfe, 0x6a, 0x0, 0x7f,
    0xf1, 0xf4, 0x3, 0xff, 0x9b, 0x80, 0x1f, 0xfc,
    0x14, 0x0, 0xc8, 0x1, 0xff, 0xc1, 0x40, 0xf,
    0xfe, 0x69, 0x0, 0x7f, 0xf1, 0xd0, 0x3, 0xff,
    0x9a, 0x80, 0x1f, 0xfc, 0x1d, 0x0, 0xd8, 0x1,
    0xff, 0xc1, 0x31, 0x0, 0xff, 0xe5, 0xa0, 0x7,
    0xff, 0x20, 0x44, 0x1, 0xff, 0xcb, 0x30, 0xf,
    0xfe, 0x12, 0x0, 0x64, 0x0, 0xff, 0xe1, 0x28,
    0x7, 0xff, 0x2c, 0xc0, 0x3f, 0xf9, 0x28, 0x1,
    0xff, 0xcb, 0x40, 0xf, 0xfe, 0x8, 0x90, 0x6,
    0x12, 0x0, 0xff, 0xe0, 0xe0, 0x7, 0xff, 0x2f,
    0x0, 0x3f, 0xf9, 0x38, 0x1, 0xff, 0xcb, 0xc0,
    0xf, 0xfe, 0xa, 0x0, 0x79, 0x40, 0x3f, 0xf8,
    0x28, 0x1, 0xff, 0xcb, 0x40, 0xf, 0xfe, 0x4a,
    0x80, 0x7f, 0xf2, 0xd0, 0x3, 0xff, 0x83, 0x80,
    0x1e, 0xc0, 0xf, 0xfe, 0x9, 0x80, 0x7f, 0xf2,
    0x88, 0x3, 0xff, 0x94, 0x60, 0x1f, 0xfc, 0xa3,
    0x0, 0xff, 0xe1, 0x38, 0x7, 0x90, 0x3, 0xff,
    0x84, 0x80, 0x1f, 0xfc, 0x94, 0x0, 0xff, 0xe5,
    0x98, 0x7, 0xff, 0x25, 0x0, 0x3f, 0xf8, 0x24,
    0x20, 0x1f, 0x18, 0x7, 0xff, 0x7, 0x0, 0x3f,
    0xf9, 0x3e, 0x1, 0xff, 0xcb, 0x40, 0xf, 0xfe,
    0x4e, 0x0, 0x7f, 0xf0, 0x50, 0x3, 0xf2, 0x0,
    0x7f, 0xf0, 0x50, 0x3, 0xff, 0x92, 0x80, 0x1f,
    0xfc, 0xbc, 0x0, 0xff, 0xe4, 0xa8, 0x7, 0xff,
    0x7, 0x0, 0x3f, 0x58, 0x7, 0xff, 0x4, 0xc0,
    0x3f, 0xf9, 0x2, 0x40, 0x1f, 0xf0, 0x80, 0x7f,
    0xca, 0x1, 0xff, 0xc8, 0x31, 0x0, 0xff, 0xe0,
    0xa0, 0x7, 0xe3, 0x0, 0xff, 0xe1, 0x20, 0x7,
    0xff, 0x1d, 0x40, 0x3f, 0xf8, 0xc, 0x1, 0xff,
    0x9, 0x0, 0x7f, 0xf1, 0xd0, 0x3, 0xff, 0x82,
    0x62, 0x1, 0xfc, 0x80, 0x1f, 0xfc, 0x1c, 0x0,
    0xff, 0xe3, 0xe0, 0x7, 0xfc, 0x36, 0x1, 0xff,
    0xc0, 0x70, 0xf, 0xfe, 0x3e, 0x0, 0x7f, 0xf0,
    0x50, 0x3, 0xfd, 0x80, 0x1f, 0xfc, 0x14, 0x0,
    0xff, 0xe3, 0x98, 0x7, 0xfc, 0xa6, 0x1, 0xff,
    0xc0, 0xc0, 0xf, 0xfe, 0x3a, 0x80, 0x7f, 0xf0,
    0x70, 0x3, 0xfc, 0x80, 0x1f, 0xfc, 0x13, 0x0,
    0xff, 0xe3, 0xa0, 0x7, 0xfc, 0x60, 0x60, 0x1f,
    0xf2, 0x80, 0x7f, 0xf1, 0x88, 0x40, 0x3f, 0xf8,
    0x28, 0x1, 0xfe, 0x31, 0x0, 0xff, 0xe0, 0xa0,
    0x7, 0xff, 0x14, 0xc0, 0x3f, 0xf8, 0x18, 0x8,
    0x1, 0xff, 0x18, 0x7, 0xff, 0x19, 0x0, 0x3f,
    0xf8, 0x28, 0x1, 0xff, 0xc0, 0x40, 0xf, 0xfe,
    0xe, 0x0, 0x7f, 0xf1, 0x54, 0x3, 0xff, 0x80,
    0xa1, 0xa0, 0x1f, 0xfc, 0x4, 0x0, 0xff, 0xe2,
    0xe0, 0x7, 0xff, 0x7, 0x0, 0x3f, 0xf8, 0x18,
    0x1, 0xff, 0xc1, 0x40, 0xf, 0xfe, 0x2e, 0x0,
    0x7f, 0xc4, 0x20, 0x80, 0x1f, 0xfc, 0x3, 0x0,
    0xff, 0xe2, 0xa0, 0x7, 0xff, 0x5, 0x0, 0x3f,
    0xf8, 0x8, 0x1, 0xff, 0xc1, 0x30, 0xf, 0xfe,
    0x2b, 0x80, 0x7f, 0xce, 0x0, 0x11, 0x0, 0x7f,
    0xd8, 0x1, 0xff, 0xc4, 0x21, 0x0, 0xff, 0xe0,
    0x98, 0x7, 0xff, 0x0, 0x84, 0x3, 0xff, 0x82,
    0x80, 0x1f, 0xfc, 0x31, 0x20, 0xf, 0xfb, 0x40,
    0x24, 0x0, 0xff, 0x94, 0x3, 0xff, 0x88, 0x80,
    0x1f, 0xfc, 0x14, 0x0, 0xff, 0xe1, 0x20, 0x7,
    0xff, 0x7, 0x0, 0x3f, 0xf8, 0x68, 0x1, 0xff,
    0xc0, 0x40, 0xb, 0x40, 0x3f, 0xe1, 0x20, 0xf,
    0xfe, 0x1e, 0x0, 0x7f, 0xf0, 0x74, 0x3, 0xff,
    0x85, 0xe0, 0x1f, 0xfc, 0x14, 0x0, 0xff, 0xe1,
    0xe8, 0x7, 0xff, 0x0, 0xc0, 0x24, 0x0, 0xff,
    0xe0, 0x20, 0x7, 0xff, 0xd, 0x0, 0x3f, 0xf8,
    0x28, 0x1, 0xff, 0xc2, 0x40, 0xf, 0xfe, 0x9,
    0x80, 0x7f, 0xf0, 0xd0, 0x3, 0xfe, 0x30, 0xc,
    0x60, 0x1f, 0xfc, 0xf, 0x0, 0xff, 0xe1, 0x10,
    0x80, 0x7f, 0xf0, 0x4, 0x80, 0x3f, 0xf8, 0x42,
    0x40, 0x1f, 0xfc, 0x14, 0x0, 0xff, 0xe1, 0x18,
    0x7, 0xfc, 0xa0, 0x1c, 0x40, 0x1f, 0xf2, 0x0,
    0x7f, 0xf0, 0x90, 0x3, 0xff, 0x82, 0x80, 0x1f,
    0xfc, 0x44, 0x0, 0xff, 0xe0, 0xe0, 0x7, 0xff,
    0x4, 0xc0, 0x3f, 0xf8, 0x18, 0x1, 0xc8, 0x1,
    0xff, 0x10, 0x80, 0x7f, 0xf0, 0x70, 0x3, 0xff,
    0x83, 0x80, 0x1f, 0xfc, 0x4c, 0x0, 0xff, 0xe0,
    0xa0, 0x7, 0xff, 0x5, 0x0, 0x3f, 0xf8, 0xe,
    0x1, 0xde, 0x1, 0xff, 0xc0, 0x50, 0xf, 0xfe,
    0xa, 0x0, 0x7f, 0xf0, 0x5c, 0x3, 0xff, 0x88,
    0x80, 0x1f, 0xfc, 0x13, 0x0, 0xff, 0xe0, 0xe8,
    0x7, 0xfc, 0x24, 0x1, 0xc8, 0x1, 0xff, 0xc0,
    0xc0, 0xf, 0xfe, 0x1, 0x8, 0x7, 0xff, 0x0,
    0x84, 0x3, 0xff, 0x88, 0x26, 0x1, 0xff, 0xc1,
    0x40, 0xf, 0xfe, 0x2, 0x0, 0x7f, 0xca, 0x1,
    0xe2, 0x0, 0xff, 0xe0, 0x18, 0x7, 0xff, 0x1,
    0x0, 0x3f, 0xf8, 0x28, 0x1, 0xff, 0xc6, 0x40,
    0xf, 0xfe, 0xe, 0x0, 0x7f, 0xc2, 0x20, 0xf,
    0xf8, 0xc0, 0x3e, 0x40, 0xf, 0xf9, 0x0, 0x3f,
    0xf8, 0x18, 0x1, 0xff, 0xc1, 0xc0, 0xf, 0xfe,
    0x36, 0x0, 0x7f, 0xf0, 0x50, 0x3, 0xfe, 0x40,
    0xf, 0xfe, 0x6, 0x0, 0x7c, 0x60, 0x1f, 0xfc,
    0x2, 0x0, 0xff, 0x90, 0x3, 0xff, 0x82, 0x80,
    0x1f, 0xfc, 0x64, 0x0, 0xff, 0xe0, 0x98, 0x7,
    0xfd, 0x80, 0x1f, 0xfc, 0x5, 0x0, 0xfb, 0x0,
    0x3f, 0xf8, 0x8, 0x1, 0xfe, 0x21, 0x0, 0xff,
    0xe0, 0x18, 0x80, 0x7f, 0xf1, 0xd0, 0x3, 0xff,
    0x82, 0x80, 0x1f, 0xe5, 0x0, 0xff, 0x88, 0x40,
    0x3e, 0x50, 0xf, 0xfe, 0x6, 0x0, 0x7f, 0x90,
    0x3, 0xff, 0x82, 0x80, 0x1f, 0xfc, 0x8c, 0x0,
    0xff, 0xe0, 0xe0, 0x7, 0xf8, 0xc0, 0x3f, 0xe7,
    0x0, 0xfc, 0x22, 0x0, 0xff, 0x9c, 0x3, 0xfd,
    0x80, 0x1f, 0xfc, 0x1c, 0x0, 0xff, 0xe4, 0x20,
    0x7, 0xff, 0x5, 0x0, 0x3f, 0x8c, 0x3, 0xff,
    0x81, 0xa0, 0x1f, 0xc8, 0x1, 0xff, 0x10, 0x80,
    0x7f, 0x20, 0x7, 0xff, 0x5, 0x0, 0x3f, 0xf9,
    0x6, 0x1, 0xff, 0xc1, 0x30, 0xf, 0xe4, 0x0,
    0xff, 0xe0, 0x20, 0x7, 0xf6, 0x80, 0x7f, 0xf0,
    0x14, 0x3, 0xf1, 0x8, 0x7, 0xff, 0x0, 0xc0,
    0x3f, 0xf9, 0x48, 0x1, 0xff, 0xc1, 0x40, 0xf,
    0xd8, 0x1, 0xff, 0xc0, 0x30, 0xf, 0xe4, 0x0,
    0xff, 0xe0, 0x60, 0x7, 0xe4, 0x0, 0xff, 0xe0,
    0xd8, 0x7, 0xff, 0x2b, 0x0, 0x3f, 0xf8, 0x38,
    0x1, 0xf9, 0x40, 0x3f, 0xe3, 0x0, 0xff, 0x18,
    0x7, 0xff, 0x1, 0x0, 0x3f, 0x60, 0x7, 0xff,
    0x5, 0x0, 0x3f, 0xf9, 0x4a, 0x1, 0xff, 0xc1,
    0x40, 0xf, 0x88, 0x40, 0x3f, 0xe5, 0x0, 0xff,
    0x8c, 0x3, 0xfe, 0x30, 0xf, 0xc8, 0x1, 0xff,
    0xc1, 0x30, 0xf, 0xfe, 0x51, 0x8, 0x7, 0xff,
    0x0, 0xc0, 0x3e, 0x70, 0xf, 0xfe, 0x7, 0x80,
    0x7f, 0xca, 0x1, 0xff, 0xc0, 0x30, 0xf, 0x10,
    0x80, 0x7f, 0xf0, 0x10, 0x3, 0xff, 0x98, 0x80,
    0x1f, 0xfc, 0x14, 0x0, 0xf6, 0x0, 0x7f, 0xf0,
    0x10, 0x3, 0xfe, 0xc0, 0xf, 0xfe, 0x2, 0x80,
    0x79, 0x0, 0x3f, 0xf8, 0x3a, 0x1, 0xff, 0xcc,
    0xc0, 0xf, 0xfe, 0xe, 0x0, 0x79, 0x0, 0x3f,
    0xf8, 0x4, 0x1, 0xff, 0x38, 0x7, 0xff, 0x3,
    0x0, 0x3d, 0x80, 0x1f, 0xfc, 0x14, 0x0, 0xff,
    0xe6, 0x20, 0x7, 0xff, 0x5, 0x0, 0x3c, 0x40,
    0x1f, 0xf2, 0x0, 0x7f, 0xf0, 0x8, 0x40, 0x3f,
    0xe4, 0x0, 0xf2, 0x0, 0x7f, 0xf0, 0x4, 0x80,
    0x3f, 0xf9, 0x84, 0x40, 0xf, 0xfe, 0x1, 0x80,
    0x72, 0x0, 0x7f, 0xf0, 0xc, 0x3, 0xff, 0x82,
    0xa0, 0x1f, 0xf0, 0x88, 0x3, 0x10, 0x80, 0x7f,
    0xf0, 0x10, 0x3, 0xff, 0x9c, 0x80, 0x1f, 0xfc,
    0x14, 0x0, 0xc6, 0x1, 0xff, 0xc0, 0xc0, 0xf,
    0xfe, 0x9, 0x80, 0x7f, 0xf0, 0x10, 0x3, 0x20,
    0x7, 0xff, 0x7, 0x0, 0x3f, 0xf9, 0xd8, 0x1,
    0xff, 0xc1, 0xc0, 0xd, 0x80, 0x1f, 0xfc, 0x5,
    0x0, 0xff, 0xe0, 0xe0, 0x7, 0xff, 0x3, 0x40,
    0x36, 0x0, 0x7f, 0xf0, 0x5c, 0x3, 0xff, 0x9c,
    0x80, 0x1f, 0xfc, 0x14, 0x0, 0xc8, 0x1, 0xff,
    0x8, 0x80, 0x3f, 0xf8, 0x2a, 0x1, 0xff, 0xc0,
    0x40, 0xc, 0x80, 0x1f, 0xfc, 0x2, 0x10, 0xf,
    0xfe, 0x70, 0x90, 0x7, 0xff, 0x0, 0xc0, 0x22,
    0x0, 0xff, 0xe0, 0x20, 0x7, 0xff, 0x8, 0x48,
    0x3, 0xfe, 0x30, 0x8, 0x84, 0x3, 0xff, 0x80,
    0x80, 0x1f, 0xfd, 0x5, 0x0, 0xff, 0xe0, 0xa0,
    0x1, 0x0, 0x3f, 0xf8, 0x1a, 0x1, 0xff, 0xc3,
    0x70, 0xf, 0xfe, 0x1, 0x80, 0x10, 0x3, 0xff,
    0x83, 0x80, 0x1f, 0xfd, 0xc, 0x0, 0xff, 0xe0,
    0xe0, 0x3, 0xc0, 0x3f, 0xf8, 0x8, 0x1, 0xff,
    0xc3, 0xc0, 0xf, 0xfe, 0x2, 0x0, 0x30, 0x3,
    0xff, 0x82, 0x80, 0x1f, 0xfd, 0x4, 0x0, 0xff,
    0xe0, 0xa0, 0x1, 0x0, 0x3f, 0xf8, 0x6, 0x1,
    0xff, 0xc3, 0x50, 0xf, 0xfe, 0x6, 0x80, 0x10,
    0x3, 0xff, 0x80, 0x62, 0x1, 0xff, 0xd1, 0x30,
    0xf, 0xfe, 0x1, 0x80, 0x90, 0x7, 0xfc, 0x60,
    0x1f, 0xfc, 0x43, 0x0, 0xff, 0xe0, 0x20, 0x8,
    0x80, 0x3f, 0xf8, 0x8, 0x1, 0xff, 0xd2, 0x40,
    0xf, 0xfe, 0xa, 0x28, 0x7, 0xff, 0x1, 0x40,
    0x3f, 0xf8, 0xa6, 0x1, 0xff, 0x9, 0x38, 0x7,
    0xff, 0x7, 0x0, 0x3f, 0xfa, 0x58, 0x1, 0xff,
    0xc1, 0xcc, 0x0, 0x7f, 0xf0, 0x3c, 0x3, 0xff,
    0x8a, 0xa0, 0x1f, 0xfc, 0x7, 0xf0, 0xf, 0xfe,
    0xa, 0x0, 0x7f, 0xf4, 0x90, 0x3, 0xff, 0x82,
    0x86, 0x1, 0xff, 0xc0, 0x40, 0xf, 0xfe, 0x2e,
    0x0, 0x7f, 0xf0, 0x31, 0x0, 0x3f, 0xf8, 0x6,
    0x1, 0xff, 0xd4, 0x40, 0xf, 0xfe, 0x1, 0xa0,
    0x7, 0xff, 0x0, 0x80, 0x3f, 0xf8, 0xae, 0x1,
    0xff, 0xc0, 0x72, 0x0, 0xff, 0xe0, 0x58, 0x7,
    0xff, 0x53, 0x0, 0x3f, 0xf9, 0xa8, 0x1, 0xff,
    0xc6, 0x21, 0x0, 0xff, 0x84, 0x3, 0xff, 0x82,
    0x80, 0x1f, 0xfd, 0x44, 0x0, 0xff, 0xe6, 0x98,
    0x7, 0xff, 0x1d, 0x40, 0x3f, 0xf9, 0xa6, 0x1,
    0xff, 0xd4, 0x31, 0x0, 0xff, 0xe6, 0x60, 0x7,
    0xff, 0x1f, 0x0, 0x3f, 0xf9, 0x88, 0x1, 0xff,
    0xd6, 0x40, 0xf, 0xfe, 0x62, 0x80, 0x7f, 0xf1,
    0xcc, 0x3, 0xff, 0x99, 0x80, 0x1f, 0xfd, 0x6c,
    0x0, 0xff, 0xe5, 0x88, 0x80, 0x3f, 0xf8, 0xe8,
    0x1, 0xff, 0xcc, 0x50, 0xf, 0xfe, 0xb2, 0x0,
    0x7f, 0xf2, 0xd0, 0x3, 0xff, 0x92, 0x40, 0x1f,
    0xfc, 0xa1, 0x20, 0xf, 0xfe, 0xb1, 0x8, 0x7,
    0xff, 0x2b, 0x40, 0x3f, 0xf9, 0x2e, 0x1, 0xff,
    0xca, 0x40, 0xf, 0xfe, 0xc2, 0x0, 0x7f, 0xf2,
    0x90, 0x3, 0xff, 0x93, 0x80, 0x1f, 0xfc, 0xac,
    0x0, 0xff, 0xec, 0x78, 0x7, 0xff, 0x28, 0xc0,
    0x3f, 0xf9, 0x2a, 0x1, 0xff, 0xca, 0x70, 0xf,
    0xfe, 0xc2, 0x0, 0x7f, 0xf2, 0x48, 0x3, 0xff,
    0x94, 0x60, 0x1f, 0xfc, 0x92, 0x10, 0xf, 0xfe,
    0xc0, 0x90, 0x7, 0xff, 0x21, 0x0, 0x3f, 0xf9,
    0x66, 0x1, 0xff, 0xc8, 0x40, 0xf, 0xfe, 0xd2,
    0x0, 0x7f, 0xf2, 0x3c, 0x3, 0xff, 0x96, 0x80,
    0x1f, 0xfc, 0x8c, 0x0, 0xff, 0xe3, 0x80,

    /* U+0058 "X" */
    0x3, 0x3f, 0xfe, 0x20, 0x80, 0x7f, 0xf5, 0x8c,
    0xff, 0xf8, 0x82, 0x13, 0x99, 0xff, 0xc4, 0x0,
    0xff, 0xea, 0xbe, 0x67, 0xff, 0x10, 0x1, 0x62,
    0x1, 0xff, 0xc2, 0x27, 0x0, 0xff, 0xe9, 0x8c,
    0x0, 0x7f, 0xf0, 0xe4, 0x40, 0x6c, 0x3, 0xff,
    0x87, 0x4, 0x1, 0xff, 0xd2, 0xa0, 0xf, 0xfe,
    0x1a, 0x30, 0x4, 0xaa, 0x0, 0xff, 0xe1, 0xc8,
    0x7, 0xff, 0x45, 0x50, 0x3, 0xff, 0x87, 0x40,
    0x1d, 0x62, 0x1, 0xff, 0xc2, 0x46, 0x0, 0xff,
    0xe7, 0x8d, 0x80, 0x7f, 0xf0, 0xe4, 0x40, 0x38,
    0x6c, 0x3, 0xff, 0x87, 0x2, 0x1, 0xff, 0xce,
    0xb1, 0x0, 0xff, 0xe1, 0x23, 0x0, 0x7c, 0xaa,
    0x0, 0xff, 0xe1, 0xd, 0x80, 0x7f, 0xf3, 0x51,
    0x40, 0x3f, 0xf8, 0x74, 0x1, 0xfd, 0x62, 0x1,
    0xff, 0xc2, 0x54, 0x0, 0xff, 0xe6, 0x48, 0x7,
    0xff, 0xe, 0x44, 0x3, 0xf8, 0x6c, 0x3, 0xff,
    0x87, 0x20, 0x1f, 0xfc, 0xb8, 0x20, 0xf, 0xfe,
    0x12, 0x30, 0x7, 0xfc, 0xaa, 0x0, 0xff, 0xe1,
    0x14, 0x0, 0x7f, 0xf2, 0x4d, 0xc0, 0x3f, 0xf8,
    0x74, 0x1, 0xff, 0xc1, 0xb1, 0x0, 0xff, 0xe1,
    0x39, 0x80, 0x7f, 0xf2, 0x3c, 0x3, 0xff, 0x87,
    0x22, 0x1, 0xff, 0xc1, 0x1b, 0x0, 0xff, 0xe1,
    0xf8, 0x7, 0xff, 0x1d, 0xcc, 0x3, 0xff, 0x84,
    0x8c, 0x1, 0xff, 0xc3, 0x55, 0x0, 0x7f, 0xf0,
    0x8d, 0xc0, 0x3f, 0xf8, 0xa5, 0x0, 0x1f, 0xfc,
    0x39, 0x0, 0xff, 0xe2, 0xd8, 0x80, 0x7f, 0xf0,
    0xa0, 0x40, 0x3f, 0xf8, 0x92, 0x1, 0xff, 0xc3,
    0x92, 0x0, 0xff, 0xe2, 0x8d, 0x80, 0x7f, 0xf0,
    0xe8, 0x3, 0xff, 0x86, 0xa8, 0x1, 0xff, 0xc2,
    0x46, 0x0, 0xff, 0xe3, 0xaa, 0x80, 0x3f, 0xf8,
    0x48, 0xa0, 0x1f, 0xfc, 0x11, 0xb0, 0xf, 0xfe,
    0x1c, 0x80, 0x7f, 0xf2, 0x6c, 0x40, 0x3f, 0xf8,
    0x56, 0x20, 0x1f, 0xfc, 0xb, 0x10, 0xf, 0xfe,
    0x14, 0x90, 0x7, 0xff, 0x24, 0x6c, 0x3, 0xff,
    0x84, 0x30, 0x1, 0xff, 0x22, 0x80, 0x7f, 0xf0,
    0x91, 0x80, 0x3f, 0xf9, 0x6a, 0xa0, 0xf, 0xfe,
    0x13, 0x20, 0x7, 0xfa, 0x40, 0x3f, 0xf8, 0x72,
    0x1, 0xff, 0xcd, 0xb1, 0x0, 0xff, 0xe1, 0x48,
    0x7, 0xf4, 0x10, 0x7, 0xff, 0xa, 0x48, 0x3,
    0xff, 0x9a, 0x36, 0x1, 0xff, 0xc2, 0x28, 0x0,
    0xf8, 0xdc, 0x3, 0xff, 0x84, 0x6c, 0x1, 0xff,
    0xcf, 0x55, 0x0, 0x7f, 0xf0, 0x9c, 0x80, 0x3d,
    0xe0, 0x1f, 0xfc, 0x3e, 0x0, 0xff, 0xe8, 0xd8,
    0x80, 0x7f, 0xf0, 0xb8, 0x3, 0x9c, 0xc0, 0x3f,
    0xf8, 0x52, 0x40, 0x1f, 0xfd, 0x11, 0xb0, 0xf,
    0xfe, 0x11, 0xb0, 0x4, 0x50, 0x1, 0xff, 0xc2,
    0x36, 0x0, 0xff, 0xe9, 0xaa, 0x0, 0x7f, 0xf0,
    0xa4, 0x40, 0x12, 0x1, 0xff, 0xc3, 0xe0, 0xf,
    0xfe, 0xad, 0x8, 0x7, 0xff, 0xa, 0xc1, 0x50,
    0x3, 0xff, 0x85, 0x24, 0x1, 0xff, 0xd5, 0x1b,
    0x0, 0xff, 0xe1, 0x2b, 0x58, 0x7, 0xff, 0x8,
    0xd8, 0x3, 0xff, 0xae, 0xa8, 0x1, 0xff, 0xc2,
    0x91, 0x0, 0xff, 0xe1, 0x70, 0x7, 0xff, 0x66,
    0x84, 0x3, 0xff, 0xa1, 0x24, 0x1, 0xff, 0xd9,
    0x1b, 0x0, 0xff, 0xe7, 0x9b, 0x0, 0x7f, 0xf6,
    0xd5, 0x0, 0x3f, 0xf9, 0xdc, 0x1, 0xff, 0xdd,
    0xa1, 0x0, 0xff, 0xe6, 0x41, 0x0, 0x7f, 0xf7,
    0x46, 0xc0, 0x3f, 0xf9, 0x66, 0xe0, 0x1f, 0xfd,
    0xf5, 0x40, 0xf, 0xfe, 0x57, 0x0, 0x7f, 0xf8,
    0x68, 0x40, 0x3f, 0xf9, 0x10, 0x40, 0x1f, 0xfe,
    0x11, 0x80, 0xf, 0xfe, 0x39, 0xb8, 0x7, 0xff,
    0x8d, 0x84, 0x3, 0xff, 0x8d, 0x20, 0x1f, 0xfe,
    0x47, 0x10, 0xf, 0xfe, 0x34, 0x0, 0x7f, 0xf8,
    0xca, 0x0, 0x3f, 0xf8, 0xe5, 0x0, 0x1f, 0xfe,
    0x2e, 0x0, 0xff, 0xe4, 0xb9, 0x80, 0x7f, 0xf8,
    0x1c, 0xc0, 0x3f, 0xf9, 0x5c, 0x1, 0xff, 0xdf,
    0x28, 0x0, 0xff, 0xe5, 0x94, 0x0, 0x7f, 0xf7,
    0xb8, 0x3, 0xff, 0x9a, 0xe6, 0x1, 0xff, 0xdc,
    0x73, 0x0, 0xff, 0xe7, 0x70, 0x7, 0xff, 0x6c,
    0xa0, 0x3, 0xff, 0x9e, 0x50, 0x1, 0xff, 0xda,
    0xe0, 0xf, 0xfe, 0x8b, 0x98, 0x7, 0xff, 0x61,
    0xcc, 0x3, 0xff, 0xa5, 0xc0, 0x1f, 0xfd, 0x72,
    0x80, 0xf, 0xfe, 0x1d, 0x98, 0x7, 0xff, 0x8,
    0xa0, 0x3, 0xff, 0xad, 0xc0, 0x1f, 0xfc, 0x36,
    0x4e, 0x0, 0xff, 0xe1, 0xb9, 0x80, 0x7f, 0xf5,
    0x1c, 0xc0, 0x3f, 0xf8, 0x43, 0x20, 0x50, 0x1,
    0xff, 0xc3, 0xe0, 0xf, 0xfe, 0x99, 0x40, 0x7,
    0xff, 0xe, 0x80, 0x27, 0x30, 0xf, 0xfe, 0x11,
    0x40, 0x7, 0xff, 0x4b, 0x80, 0x3f, 0xf8, 0x6c,
    0x80, 0x1b, 0x80, 0x3f, 0xf8, 0x6e, 0x60, 0x1f,
    0xfd, 0x7, 0x30, 0xf, 0xfe, 0x10, 0xc8, 0x7,
    0x14, 0x0, 0x7f, 0xf0, 0xf8, 0x3, 0xff, 0x9e,
    0x50, 0x1, 0xff, 0xc3, 0xa0, 0xf, 0x9c, 0xc0,
    0x3f, 0xf8, 0x45, 0x0, 0x1f, 0xfc, 0xee, 0x0,
    0xff, 0xe1, 0xb2, 0x0, 0x7e, 0xe0, 0xf, 0xfe,
    0x1b, 0x98, 0x7, 0xff, 0x31, 0xcc, 0x3, 0xff,
    0x84, 0x32, 0x1, 0xfc, 0x50, 0x1, 0xff, 0xc3,
    0xe0, 0xf, 0xfe, 0x59, 0x40, 0x7, 0xff, 0xe,
    0x80, 0x3f, 0xe7, 0x30, 0xf, 0xfe, 0x11, 0x40,
    0x7, 0xff, 0x2b, 0x80, 0x3f, 0xf8, 0x6c, 0x80,
    0x1f, 0xfc, 0xe, 0x0, 0xff, 0xe1, 0xb9, 0x80,
    0x7f, 0xf2, 0x1c, 0xc0, 0x3f, 0xf8, 0x43, 0x20,
    0x1f, 0xfc, 0x12, 0x80, 0xf, 0xfe, 0x1f, 0x0,
    0x7f, 0xf1, 0xca, 0x0, 0x3f, 0xf8, 0x74, 0x1,
    0xff, 0xc3, 0x73, 0x0, 0xff, 0xe1, 0x14, 0x0,
    0x7f, 0xf1, 0xb8, 0x3, 0xff, 0x86, 0xc8, 0x1,
    0xff, 0xc4, 0xe0, 0xf, 0xfe, 0x1b, 0x98, 0x7,
    0xff, 0x11, 0xcc, 0x3, 0xff, 0x84, 0x32, 0x1,
    0xff, 0xc5, 0x27, 0x0, 0xff, 0xe1, 0xf0, 0x7,
    0xff, 0xc, 0xa0, 0x3, 0xff, 0x87, 0x40, 0x1f,
    0xfc, 0x78, 0x20, 0xf, 0xfe, 0x11, 0x40, 0x7,
    0xff, 0xb, 0x80, 0x3f, 0xf8, 0x6c, 0x80, 0x1f,
    0xfc, 0x8e, 0x0, 0xff, 0xe1, 0xb9, 0x80, 0x7f,
    0xf0, 0x1c, 0xc0, 0x3f, 0xf8, 0x43, 0x20, 0x1f,
    0xfc, 0x93, 0x70, 0xf, 0xfe, 0x1f, 0x0, 0x7f,
    0xc5, 0x0, 0x1f, 0xfc, 0x3a, 0x0, 0xff, 0xe5,
    0xc1, 0x0, 0x7f, 0xf0, 0x8a, 0x0, 0x3f, 0xdc,
    0x1, 0xff, 0xc3, 0x64, 0x0, 0xff, 0xe6, 0x70,
    0x7, 0xff, 0xd, 0xcc, 0x3, 0xf3, 0x98, 0x7,
    0xff, 0x8, 0x64, 0x3, 0xff, 0x9a, 0x6e, 0x1,
    0xff, 0xc3, 0xe0, 0xf, 0x8a, 0x0, 0x3f, 0xf8,
    0x74, 0x1, 0xff, 0xcf, 0x82, 0x0, 0xff, 0xe1,
    0x14, 0x0, 0x7b, 0x80, 0x3f, 0xf8, 0x6c, 0x80,
    0x1f, 0xfd, 0xe, 0x0, 0xff, 0xe1, 0xb9, 0x80,
    0x67, 0x30, 0xf, 0xfe, 0x10, 0xc8, 0x7, 0xff,
    0x44, 0xdc, 0x3, 0xff, 0x87, 0xc0, 0x11, 0x40,
    0x7, 0xff, 0xe, 0x80, 0x3f, 0xfa, 0x70, 0x40,
    0x1f, 0xfc, 0x22, 0x80, 0x7, 0x0, 0x7f, 0xf0,
    0xd9, 0x0, 0x3f, 0xfa, 0x9c, 0x1, 0xff, 0xc3,
    0x73,

    /* U+0059 "Y" */
    0x1e, 0xff, 0xff, 0xe1, 0x90, 0x7, 0xff, 0x5b,
    0x7f, 0xff, 0xf8, 0x66, 0x30, 0x1, 0xff, 0xc3,
    0x90, 0xf, 0xfe, 0xab, 0x10, 0x7, 0xff, 0x9,
    0x8c, 0x18, 0xc0, 0x3f, 0xf8, 0x48, 0x80, 0xf,
    0xfe, 0x98, 0xc0, 0x7, 0xff, 0x8, 0x60, 0x2,
    0xf0, 0xf, 0xfe, 0x1c, 0x80, 0x7f, 0xf4, 0xe0,
    0x40, 0x3f, 0xf8, 0x50, 0x20, 0x11, 0xb0, 0x7,
    0xff, 0x8, 0x98, 0x3, 0xff, 0xa2, 0x4c, 0x1,
    0xff, 0xc2, 0x36, 0x0, 0xe8, 0x10, 0xf, 0xfe,
    0x14, 0x8, 0x7, 0xff, 0x42, 0x40, 0x3f, 0xf8,
    0x7e, 0x1, 0xe1, 0x80, 0xf, 0xfe, 0x10, 0xc0,
    0x7, 0xff, 0x3d, 0x10, 0x1, 0xff, 0xc2, 0x63,
    0x0, 0xf9, 0x8c, 0x3, 0xff, 0x84, 0xc4, 0x1,
    0xff, 0xce, 0x90, 0xf, 0xfe, 0x10, 0xc0, 0x7,
    0xf7, 0x0, 0x7f, 0xf0, 0xe4, 0x3, 0xff, 0x9a,
    0xe4, 0x1, 0xff, 0xc2, 0x81, 0x0, 0xfe, 0x26,
    0x0, 0xff, 0xe1, 0x22, 0x0, 0x3f, 0xf9, 0x63,
    0x0, 0x1f, 0xfc, 0x23, 0x60, 0xf, 0xfa, 0x44,
    0x3, 0xff, 0x85, 0x20, 0x1f, 0xfc, 0xb8, 0x0,
    0xff, 0xe1, 0xf8, 0x7, 0xff, 0x6, 0xc0, 0x3f,
    0xf8, 0x44, 0xc0, 0x1f, 0xfc, 0x92, 0x60, 0xf,
    0xfe, 0x13, 0x18, 0x7, 0xff, 0x5, 0x4c, 0x3,
    0xff, 0x85, 0x2, 0x1, 0xff, 0xc8, 0x90, 0xf,
    0xfe, 0x10, 0xc0, 0x7, 0xff, 0xf, 0x80, 0x3f,
    0xf8, 0x43, 0x0, 0x1f, 0xfc, 0x75, 0x40, 0xf,
    0xfe, 0x14, 0x8, 0x7, 0xff, 0xc, 0x98, 0x3,
    0xff, 0x84, 0xc4, 0x1, 0xff, 0xc6, 0x80, 0xf,
    0xfe, 0x11, 0xb0, 0x7, 0xff, 0x16, 0x44, 0x3,
    0xff, 0x85, 0x20, 0x1f, 0xfc, 0x57, 0x20, 0xf,
    0xfe, 0x17, 0x80, 0x7f, 0xf1, 0xec, 0x3, 0xff,
    0x84, 0x88, 0x0, 0xff, 0xe1, 0x8c, 0x0, 0x7f,
    0xf0, 0x98, 0xc0, 0x3f, 0xf8, 0xea, 0x60, 0x1f,
    0xfc, 0x29, 0x0, 0xff, 0xe1, 0xd8, 0x7, 0xff,
    0x8, 0x60, 0x3, 0xff, 0x93, 0xc0, 0x1f, 0xfc,
    0x22, 0x60, 0xf, 0xfe, 0x9, 0xa8, 0x7, 0xff,
    0xa, 0x4, 0x3, 0xff, 0x92, 0x4e, 0x1, 0xff,
    0xc2, 0x81, 0x0, 0xff, 0xe0, 0x78, 0x7, 0xff,
    0x8, 0xd8, 0x3, 0xff, 0x97, 0x2, 0x1, 0xff,
    0xc1, 0x18, 0x0, 0xff, 0x94, 0xc0, 0x3f, 0xf8,
    0x5e, 0x1, 0xff, 0xcd, 0xb0, 0xf, 0xfe, 0x13,
    0x10, 0x7, 0xfa, 0xc0, 0x3f, 0xf8, 0x4c, 0x60,
    0x1f, 0xfc, 0xd5, 0x30, 0xf, 0xfe, 0x14, 0x80,
    0x7f, 0x40, 0x80, 0x7f, 0xf0, 0x46, 0x0, 0x3f,
    0xf9, 0xfc, 0x1, 0xff, 0xc2, 0x44, 0x0, 0x7c,
    0x2e, 0x1, 0xff, 0xc2, 0x81, 0x0, 0xff, 0xe7,
    0x93, 0x80, 0x7f, 0xf0, 0xa4, 0x3, 0xeb, 0x0,
    0xff, 0xe1, 0x1b, 0x0, 0x7f, 0xf4, 0x60, 0x40,
    0x3f, 0xf8, 0x24, 0xe0, 0x1c, 0x6a, 0x1, 0xff,
    0xc2, 0xf0, 0xf, 0xfe, 0x9d, 0x80, 0x7f, 0xf0,
    0xa4, 0x40, 0x37, 0x80, 0x7f, 0xf0, 0x98, 0xc0,
    0x3f, 0xfa, 0x6a, 0x80, 0x1f, 0xfc, 0x11, 0x80,
    0x9, 0x8c, 0x3, 0xff, 0x82, 0x30, 0x1, 0xff,
    0xd5, 0x90, 0xf, 0xfe, 0x13, 0x10, 0x2, 0x0,
    0x3f, 0xf8, 0x50, 0x20, 0x1f, 0xfd, 0x52, 0x70,
    0xf, 0xfe, 0x14, 0x84, 0x8, 0x7, 0xff, 0x4,
    0xd8, 0x3, 0xff, 0xaf, 0x2, 0x1, 0xff, 0xc1,
    0x47, 0x70, 0x7, 0xff, 0xb, 0xc0, 0x3f, 0xfb,
    0x36, 0x1, 0xff, 0xc2, 0x80, 0xf, 0xfe, 0x13,
    0x18, 0x7, 0xff, 0x65, 0x50, 0x3, 0xff, 0x9e,
    0x30, 0x1, 0xff, 0xdb, 0x90, 0xf, 0xfe, 0x7c,
    0x8, 0x7, 0xff, 0x6c, 0x9c, 0x3, 0xff, 0x9a,
    0x6c, 0x1, 0xff, 0xdd, 0x81, 0x0, 0xff, 0xe6,
    0x78, 0x7, 0xff, 0x7e, 0xc0, 0x3f, 0xf9, 0x6c,
    0x60, 0x1f, 0xfd, 0xf5, 0x40, 0xf, 0xfe, 0x48,
    0xc0, 0x7, 0xff, 0x86, 0x40, 0x3f, 0xf9, 0x30,
    0x20, 0x1f, 0xfe, 0x12, 0x70, 0xf, 0xfe, 0x39,
    0xb0, 0x7, 0xff, 0x8e, 0x4, 0x3, 0xff, 0x8d,
    0xe0, 0x1f, 0xfe, 0x5b, 0x0, 0xff, 0xe2, 0xb1,
    0x80, 0x7f, 0xf9, 0x55, 0x0, 0x3f, 0xf8, 0x63,
    0x0, 0x1f, 0xfe, 0x79, 0x0, 0xff, 0xe1, 0xc0,
    0x80, 0x7f, 0xf9, 0xc9, 0x40, 0x3f, 0xf8, 0x22,
    0xc0, 0x1f, 0xfe, 0x93, 0x0, 0xff, 0xff, 0x80,
    0x7f, 0xff, 0xc0, 0x3f, 0xff, 0xe0, 0x1f, 0xff,
    0xf0, 0xf, 0xff, 0xf8, 0x7, 0xff, 0xfc, 0x3,
    0xff, 0xfe, 0x1, 0xff, 0xff, 0x0, 0xff, 0xff,
    0x80, 0x7f, 0xff, 0xc0, 0x3f, 0xff, 0xe0, 0x1f,
    0xff, 0xf0, 0xf, 0xff, 0xf8, 0x7, 0xff, 0xfc,
    0x3, 0xff, 0xfe, 0x1, 0xff, 0xff, 0x0, 0xff,
    0xff, 0x80, 0x7f, 0xff, 0xc0, 0x3f, 0xff, 0xe0,
    0x1f, 0xff, 0xf0, 0xf, 0xff, 0xf8, 0x7, 0xff,
    0xfc, 0x3, 0xff, 0xfe, 0x1, 0xff, 0xff, 0x0,
    0xff, 0xff, 0x80, 0x7f, 0xf4, 0x40,

    /* U+005A "Z" */
    0x0, 0xb, 0x37, 0xff, 0xa0, 0x2, 0x59, 0x9f,
    0xff, 0x41, 0x0, 0x7f, 0xff, 0xc0, 0x3f, 0xff,
    0xe0, 0x1f, 0xff, 0xf0, 0xf, 0xff, 0xf8, 0x7,
    0xff, 0xfc, 0x3, 0xff, 0xfe, 0x1, 0xff, 0xe9,
    0x30, 0xf, 0xff, 0x54, 0x8, 0x7, 0xff, 0xa5,
    0x1c, 0x2, 0x4f, 0xff, 0xfe, 0xb3, 0x0, 0x7f,
    0xf0, 0x86, 0x80, 0x3f, 0xfb, 0x4a, 0xc0, 0x1f,
    0xfc, 0x2b, 0x10, 0xf, 0xfe, 0xc8, 0xd8, 0x7,
    0xff, 0x9, 0x94, 0x3, 0xff, 0xb5, 0xa2, 0x1,
    0xff, 0xc1, 0x29, 0x0, 0xff, 0xed, 0x39, 0x80,
    0x7f, 0xf0, 0xb8, 0x3, 0xff, 0xb4, 0x70, 0x1,
    0xff, 0xc2, 0x83, 0x0, 0xff, 0xed, 0x68, 0x7,
    0xff, 0x9, 0x1c, 0x3, 0xff, 0xb5, 0x42, 0x1,
    0xff, 0xc1, 0x1a, 0x0, 0xff, 0xed, 0x32, 0x80,
    0x7f, 0xf0, 0xa8, 0x40, 0x3f, 0xfb, 0x25, 0x20,
    0x1f, 0xfc, 0x26, 0x40, 0xf, 0xfe, 0xd7, 0x0,
    0x7f, 0xf0, 0x8a, 0x40, 0x3f, 0xfb, 0x50, 0x60,
    0x1f, 0xfc, 0x2f, 0x0, 0xff, 0xed, 0x23, 0x80,
    0x7f, 0xf0, 0xa0, 0x80, 0x3f, 0xfb, 0x23, 0x40,
    0x1f, 0xfc, 0x24, 0x70, 0xf, 0xfe, 0xd5, 0x8,
    0x7, 0xff, 0x4, 0x68, 0x3, 0xff, 0xb4, 0xc8,
    0x1, 0xff, 0xc2, 0xa1, 0x0, 0xff, 0xec, 0x94,
    0x80, 0x7f, 0xf0, 0x99, 0x0, 0x3f, 0xfb, 0x5e,
    0x1, 0xff, 0xc2, 0x29, 0x0, 0xff, 0xed, 0x49,
    0x0, 0x7f, 0xf0, 0xbc, 0x3, 0xff, 0xb4, 0xac,
    0x1, 0xff, 0xc2, 0x92, 0x0, 0xff, 0xec, 0x8d,
    0x80, 0x7f, 0xf0, 0x91, 0x80, 0x3f, 0xfb, 0x5a,
    0x20, 0x1f, 0xfc, 0x11, 0xa0, 0xf, 0xfe, 0xd3,
    0x98, 0x7, 0xff, 0xa, 0x84, 0x3, 0xff, 0xb2,
    0x70, 0x1, 0xff, 0xc2, 0x74, 0x0, 0xff, 0xed,
    0x70, 0x7, 0xff, 0x8, 0xe0, 0x3, 0xff, 0xb5,
    0x44, 0x1, 0xff, 0xc2, 0xe0, 0xf, 0xfe, 0xd2,
    0xa8, 0x3, 0xff, 0x85, 0x24, 0x1, 0xff, 0xd9,
    0x2a, 0x0, 0xff, 0xe1, 0x2b, 0x0, 0x7f, 0xf6,
    0xb8, 0x3, 0xff, 0x84, 0x36, 0x1, 0xff, 0xda,
    0x83, 0x0, 0xff, 0xe1, 0x50, 0x80, 0x7f, 0xf6,
    0x51, 0xc0, 0x3f, 0xf8, 0x4e, 0x80, 0x1f, 0xfd,
    0x91, 0xa0, 0xf, 0xfe, 0x11, 0xc0, 0x7, 0xff,
    0x6a, 0x84, 0x3, 0xff, 0x85, 0xc0, 0x1f, 0xfd,
    0xa6, 0x40, 0xf, 0xfe, 0x14, 0x90, 0x7, 0xff,
    0x64, 0xa4, 0x3, 0xff, 0x84, 0xac, 0x1, 0xff,
    0xda, 0xf0, 0xf, 0xfe, 0x10, 0xd8, 0x7, 0xff,
    0x6a, 0x48, 0x3, 0xff, 0x85, 0xa2, 0x1, 0xff,
    0xd9, 0x46, 0x0, 0xff, 0xe1, 0x39, 0x80, 0x7f,
    0xf6, 0x46, 0x80, 0x3f, 0xf8, 0x47, 0x0, 0x1f,
    0xfd, 0xaa, 0x10, 0xf, 0xfe, 0x17, 0x0, 0x7f,
    0xf6, 0x9d, 0x0, 0x3f, 0xf8, 0x54, 0x40, 0x1f,
    0xfd, 0x93, 0x80, 0xf, 0xfe, 0x12, 0xa8, 0x3,
    0xff, 0xb5, 0xc0, 0x1f, 0xfc, 0x21, 0xa0, 0xf,
    0xfe, 0xd5, 0x10, 0x7, 0xff, 0xb, 0x40, 0x3f,
    0xfb, 0x4a, 0xa0, 0xf, 0xfe, 0x13, 0x98, 0x7,
    0xff, 0x64, 0xa8, 0x3, 0xff, 0x84, 0x70, 0x1,
    0xff, 0xda, 0xe0, 0xf, 0xfe, 0x1f, 0x0, 0x7f,
    0xf6, 0xa0, 0xc0, 0x3f, 0xf8, 0x54, 0x40, 0x1f,
    0xfd, 0x94, 0x70, 0xf, 0xfe, 0x11, 0x1b, 0x37,
    0xff, 0x5c, 0x40, 0x68, 0x3, 0xff, 0x86, 0x53,
    0x3f, 0xfd, 0x82, 0xb, 0x10, 0xf, 0xff, 0x4a,
    0xa8, 0x3, 0xff, 0xd4, 0x60, 0x1f, 0xff, 0xf0,
    0xf, 0xff, 0xf8, 0x7, 0xff, 0xfc, 0x3, 0xff,
    0xfe, 0x1, 0xff, 0xff, 0x0, 0xff, 0xff, 0x80,
    0x7f, 0xfa, 0x40
};


/*---------------------
 *  GLYPH DESCRIPTION
 *--------------------*/

static const lv_font_fmt_txt_glyph_dsc_t glyph_dsc[] = {
    {.bitmap_index = 0, .adv_w = 0, .box_w = 0, .box_h = 0, .ofs_x = 0, .ofs_y = 0} /* id = 0 reserved */,
    {.bitmap_index = 0, .adv_w = 983, .box_w = 54, .box_h = 76, .ofs_x = 4, .ofs_y = -1},
    {.bitmap_index = 825, .adv_w = 983, .box_w = 35, .box_h = 74, .ofs_x = 10, .ofs_y = 0},
    {.bitmap_index = 1035, .adv_w = 983, .box_w = 54, .box_h = 75, .ofs_x = 4, .ofs_y = 0},
    {.bitmap_index = 1695, .adv_w = 983, .box_w = 55, .box_h = 76, .ofs_x = 3, .ofs_y = -1},
    {.bitmap_index = 2455, .adv_w = 983, .box_w = 56, .box_h = 74, .ofs_x = 3, .ofs_y = 0},
    {.bitmap_index = 2833, .adv_w = 983, .box_w = 54, .box_h = 75, .ofs_x = 4, .ofs_y = -1},
    {.bitmap_index = 3514, .adv_w = 983, .box_w = 54, .box_h = 76, .ofs_x = 4, .ofs_y = -1},
    {.bitmap_index = 4400, .adv_w = 983, .box_w = 51, .box_h = 74, .ofs_x = 5, .ofs_y = 0},
    {.bitmap_index = 4909, .adv_w = 983, .box_w = 55, .box_h = 76, .ofs_x = 3, .ofs_y = -1},
    {.bitmap_index = 5820, .adv_w = 983, .box_w = 54, .box_h = 76, .ofs_x = 4, .ofs_y = -1},
    {.bitmap_index = 6705, .adv_w = 1091, .box_w = 68, .box_h = 73, .ofs_x = 0, .ofs_y = 0},
    {.bitmap_index = 7543, .adv_w = 1072, .box_w = 58, .box_h = 74, .ofs_x = 6, .ofs_y = 0},
    {.bitmap_index = 8051, .adv_w = 1178, .box_w = 68, .box_h = 76, .ofs_x = 3, .ofs_y = -1},
    {.bitmap_index = 8868, .adv_w = 1118, .box_w = 61, .box_h = 74, .ofs_x = 6, .ofs_y = 0},
    {.bitmap_index = 9394, .adv_w = 954, .box_w = 50, .box_h = 74, .ofs_x = 6, .ofs_y = 0},
    {.bitmap_index = 9581, .adv_w = 928, .box_w = 50, .box_h = 74, .ofs_x = 6, .ofs_y = 0},
    {.bitmap_index = 9766, .adv_w = 1258, .box_w = 71, .box_h = 76, .ofs_x = 3, .ofs_y = -1},
    {.bitmap_index = 10590, .adv_w = 1155, .box_w = 60, .box_h = 74, .ofs_x = 6, .ofs_y = 0},
    {.bitmap_index = 10809, .adv_w = 430, .box_w = 15, .box_h = 74, .ofs_x = 6, .ofs_y = 0},
    {.bitmap_index = 10865, .adv_w = 605, .box_w = 31, .box_h = 73, .ofs_x = 1, .ofs_y = 0},
    {.bitmap_index = 11049, .adv_w = 1029, .box_w = 59, .box_h = 74, .ofs_x = 6, .ofs_y = 0},
    {.bitmap_index = 11638, .adv_w = 839, .box_w = 46, .box_h = 73, .ofs_x = 6, .ofs_y = 0},
    {.bitmap_index = 11791, .adv_w = 1427, .box_w = 77, .box_h = 74, .ofs_x = 6, .ofs_y = 0},
    {.bitmap_index = 12568, .adv_w = 1160, .box_w = 60, .box_h = 74, .ofs_x = 6, .ofs_y = 0},
    {.bitmap_index = 13005, .adv_w = 1260, .box_w = 72, .box_h = 76, .ofs_x = 3, .ofs_y = -1},
    {.bitmap_index = 13948, .adv_w = 1023, .box_w = 56, .box_h = 74, .ofs_x = 6, .ofs_y = -1},
    {.bitmap_index = 14327, .adv_w = 1263, .box_w = 72, .box_h = 83, .ofs_x = 3, .ofs_y = -8},
    {.bitmap_index = 15336, .adv_w = 1058, .box_w = 57, .box_h = 74, .ofs_x = 6, .ofs_y = -1},
    {.bitmap_index = 15859, .adv_w = 1069, .box_w = 60, .box_h = 76, .ofs_x = 3, .ofs_y = -1},
    {.bitmap_index = 16716, .adv_w = 968, .box_w = 60, .box_h = 74, .ofs_x = 0, .ofs_y = 0},
    {.bitmap_index = 16914, .adv_w = 1132, .box_w = 60, .box_h = 75, .ofs_x = 5, .ofs_y = -1},
    {.bitmap_index = 17365, .adv_w = 1078, .box_w = 68, .box_h = 73, .ofs_x = 0, .ofs_y = 0},
    {.bitmap_index = 18290, .adv_w = 1708, .box_w = 105, .box_h = 73, .ofs_x = 1, .ofs_y = 0},
    {.bitmap_index = 19937, .adv_w = 1111, .box_w = 69, .box_h = 74, .ofs_x = 0, .ofs_y = 0},
    {.bitmap_index = 20890, .adv_w = 1075, .box_w = 69, .box_h = 73, .ofs_x = -1, .ofs_y = 0},
    {.bitmap_index = 21544, .adv_w = 965, .box_w = 56, .box_h = 74, .ofs_x = 2, .ofs_y = 0}
};

/*---------------------
 *  CHARACTER MAPPING
 *--------------------*/



/*Collect the unicode lists and glyph_id offsets*/
static const lv_font_fmt_txt_cmap_t cmaps[] =
{
    {
        .range_start = 48, .range_length = 10, .glyph_id_start = 1,
        .unicode_list = NULL, .glyph_id_ofs_list = NULL, .list_length = 0, .type = LV_FONT_FMT_TXT_CMAP_FORMAT0_TINY
    },
    {
        .range_start = 65, .range_length = 26, .glyph_id_start = 11,
        .unicode_list = NULL, .glyph_id_ofs_list = NULL, .list_length = 0, .type = LV_FONT_FMT_TXT_CMAP_FORMAT0_TINY
    }
};

/*-----------------
 *    KERNING
 *----------------*/


/*Map glyph_ids to kern left classes*/
static const uint8_t kern_left_class_mapping[] =
{
    0, 0, 0, 0, 0, 0, 0, 0,
    0, 0, 0, 1, 2, 3, 4, 5,
    6, 7, 0, 0, 8, 9, 10, 0,
    0, 4, 11, 12, 13, 14, 15, 16,
    17, 18, 19, 20, 21
};

/*Map glyph_ids to kern right classes*/
static const uint8_t kern_right_class_mapping[] =
{
    0, 0, 0, 0, 0, 0, 0, 0,
    0, 0, 0, 1, 0, 2, 0, 0,
    0, 2, 0, 0, 3, 0, 0, 0,
    0, 2, 0, 2, 0, 4, 5, 6,
    7, 8, 9, 10, 11
};

/*Kern values between classes*/
static const int8_t kern_class_values[] =
{
    0, -25, 0, -2, -90, -22, -77, -69,
    0, -93, 0, 0, 0, -2, 0, -11,
    0, -24, -16, -16, -36, -2, -7, 0,
    -5, 0, -4, 0, -6, 0, -19, -23,
    -3, -25, 0, -24, 0, -27, 0, -26,
    -13, -47, -48, -26, 0, -5, 0, -5,
    0, 0, 0, 0, 0, 0, 0, -72,
    -4, -79, -10, 0, 0, 0, 0, 0,
    0, 0, 0, 0, 0, 0, -23, 0,
    -29, -19, 0, -46, 0, -10, 0, -12,
    0, 0, 0, 0, 0, -2, 0, -3,
    0, -50, 0, -23, 0, -6, 0, 0,
    0, 0, 0, 0, -28, 0, -5, -114,
    -14, -105, -85, 0, -116, 0, -76, 0,
    -81, 0, 0, 0, 0, 0, -13, 0,
    -8, -20, 0, -17, 0, -27, 0, -27,
    -14, -32, -48, -23, 0, 0, 0, 0,
    -2, 0, -4, 0, 0, -18, 0, 0,
    0, 0, 0, -11, 0, -23, -15, -16,
    -38, 0, -90, -26, -82, -7, 0, 0,
    0, 0, 0, 0, 0, -22, 0, -12,
    0, 0, 0, 0, 0, -2, 0, -3,
    -77, -25, -78, -12, 0, 0, 0, 0,
    0, 0, 0, -69, -13, -67, -4, 0,
    0, 0, 0, 0, 0, 0, 0, -45,
    0, -18, 0, -2, 0, 0, 0, 0,
    0, -93, -47, -86, -25, 0, 0, 0,
    0, 0, 0, 0, 0, -23, 0, -3,
    0, 0, 0, 0, 0, 0, 0
};


/*Collect the kern class' data in one place*/
static const lv_font_fmt_txt_kern_classes_t kern_classes =
{
    .class_pair_values   = kern_class_values,
    .left_class_mapping  = kern_left_class_mapping,
    .right_class_mapping = kern_right_class_mapping,
    .left_class_cnt      = 21,
    .right_class_cnt     = 11,
};

/*--------------------
 *  ALL CUSTOM DATA
 *--------------------*/

#if LVGL_VERSION_MAJOR == 8
/*Store all the custom data of the font*/
static  lv_font_fmt_txt_glyph_cache_t cache;
#endif

#if LVGL_VERSION_MAJOR >= 8
static const lv_font_fmt_txt_dsc_t font_dsc = {
#else
static lv_font_fmt_txt_dsc_t font_dsc = {
#endif
    .glyph_bitmap = glyph_bitmap,
    .glyph_dsc = glyph_dsc,
    .cmaps = cmaps,
    .kern_dsc = &kern_classes,
    .kern_scale = 24,
    .cmap_num = 2,
    .bpp = 4,
    .kern_classes = 1,
    .bitmap_format = 1,
#if LVGL_VERSION_MAJOR == 8
    .cache = &cache
#endif
};



/*-----------------
 *  PUBLIC FONT
 *----------------*/

/*Initialize a public general font descriptor*/
#if LVGL_VERSION_MAJOR >= 8
const lv_font_t font_opensauceone_bold_96 = {
#else
lv_font_t font_opensauceone_bold_96 = {
#endif
    .get_glyph_dsc = lv_font_get_glyph_dsc_fmt_txt,    /*Function pointer to get glyph's data*/
    .get_glyph_bitmap = lv_font_get_bitmap_fmt_txt,    /*Function pointer to get glyph's bitmap*/
    .line_height = 83,          /*The maximum line height required by the font*/
    .base_line = 8,             /*Baseline measured from the bottom of the line*/
#if !(LVGL_VERSION_MAJOR == 6 && LVGL_VERSION_MINOR == 0)
    .subpx = LV_FONT_SUBPX_NONE,
#endif
#if LV_VERSION_CHECK(7, 4, 0) || LVGL_VERSION_MAJOR >= 8
    .underline_position = -10,
    .underline_thickness = 5,
#endif
    .dsc = &font_dsc,          /*The custom font data. Will be accessed by `get_glyph_bitmap/dsc` */
#if LV_VERSION_CHECK(8, 2, 0) || LVGL_VERSION_MAJOR >= 9
    .fallback = NULL,
#endif
    .user_data = NULL,
};



#endif /*#if FONT_OPENSAUCEONE_BOLD_96*/

